2018-02-22T02:24:14Z,100,2.6
2018-02-22T02:24:16Z,104,2.7
2018-02-22T02:24:18Z,104,2.6
2018-02-22T02:24:20Z,107,2.6
2018-02-22T02:24:22Z,108,2.5
2018-02-22T02:24:24Z,109,2.5
2018-02-22T02:24:26Z,110,2.5
2018-02-22T02:24:28Z,110,2.4
2018-02-22T02:24:30Z,110,2.4
2018-02-22T02:24:32Z,110,2.3
2018-02-22T02:24:34Z,110,2.2
2018-02-22T02:24:36Z,109,2.3
2018-02-22T02:24:38Z,109,2.4
2018-02-22T02:24:40Z,111,2.4
2018-02-22T02:24:42Z,112,2.3
2018-02-22T02:24:44Z,114,2.3
2018-02-22T02:24:46Z,114,2.2
2018-02-22T02:24:48Z,115,2.2
2018-02-22T02:24:50Z,117,2
2018-02-22T02:24:52Z,117,1.8
2018-02-22T02:24:54Z,117,1.7
2018-02-22T02:24:56Z,119,1.9
2018-02-22T02:24:58Z,119,2
2018-02-22T02:25:00Z,123,2.2
2018-02-22T02:25:02Z,124,2.2
2018-02-22T02:25:04Z,125,2.3
2018-02-22T02:25:06Z,126,2.4
2018-02-22T02:25:08Z,127,2.4
2018-02-22T02:25:10Z,127,2.4
2018-02-22T02:25:12Z,128,2.4
2018-02-22T02:25:14Z,128,2.3
2018-02-22T02:25:16Z,128,2.3
2018-02-22T02:25:18Z,128,2.4
2018-02-22T02:25:20Z,129,2.5
2018-02-22T02:25:22Z,130,2.6
2018-02-22T02:25:24Z,130,2.6
2018-02-22T02:25:26Z,132,2.5
2018-02-22T02:25:28Z,132,2.5
2018-02-22T02:25:30Z,133,2.3
2018-02-22T02:25:32Z,133,2.1
2018-02-22T02:25:34Z,133,2.1
2018-02-22T02:25:36Z,133,2
2018-02-22T02:25:38Z,134,2
2018-02-22T02:25:41Z,134,1.8
2018-02-22T02:25:43Z,136,2.1
2018-02-22T02:25:45Z,135,2.2
2018-02-22T02:25:46Z,135,2.5
2018-02-22T02:25:47Z,135,2.7
2018-02-22T02:25:48Z,135,2.8
2018-02-22T02:25:50Z,135,2.8
2018-02-22T02:25:51Z,135,2.8
2018-02-22T02:25:53Z,135,2.5
2018-02-22T02:25:55Z,136,2.3
2018-02-22T02:25:57Z,137,2.3
2018-02-22T02:25:58Z,137,2.5
2018-02-22T02:26:00Z,138,2.8
2018-02-22T02:26:02Z,139,3
2018-02-22T02:26:04Z,139,2.8
2018-02-22T02:26:06Z,139,2.7
2018-02-22T02:26:08Z,139,2.6
2018-02-22T02:26:10Z,138,2.6
2018-02-22T02:26:12Z,138,2.4
2018-02-22T02:26:14Z,138,2.3
2018-02-22T02:26:16Z,137,2.3
2018-02-22T02:26:18Z,137,2.4
2018-02-22T02:26:20Z,138,2.4
2018-02-22T02:26:22Z,138,2.6
2018-02-22T02:26:23Z,138,2.8
2018-02-22T02:26:24Z,138,2.8
2018-02-22T02:26:26Z,138,2.8
2018-02-22T02:26:28Z,138,2.5
2018-02-22T02:26:30Z,138,2.3
2018-02-22T02:26:32Z,139,2.3
2018-02-22T02:26:34Z,140,2.5
2018-02-22T02:26:35Z,140,2.7
2018-02-22T02:26:36Z,141,2.8
2018-02-22T02:26:38Z,141,2.9
2018-02-22T02:26:40Z,141,2.9
2018-02-22T02:26:42Z,140,2.7
2018-02-22T02:26:44Z,139,2.3
2018-02-22T02:26:46Z,138,1.9
2018-02-22T02:26:48Z,138,1.7
2018-02-22T02:26:50Z,137,2.1
2018-02-22T02:26:52Z,137,2.3
2018-02-22T02:26:54Z,136,2.3
2018-02-22T02:26:56Z,136,2.4
2018-02-22T02:26:58Z,137,2.4
2018-02-22T02:27:00Z,137,2.6
2018-02-22T02:27:02Z,138,2.5
2018-02-22T02:27:04Z,139,2.5
2018-02-22T02:27:06Z,139,2.2
2018-02-22T02:27:08Z,138,2
2018-02-22T02:27:10Z,138,2.2
2018-02-22T02:27:12Z,137,2.5
2018-02-22T02:27:14Z,136,2.8
2018-02-22T02:27:16Z,136,2.7
2018-02-22T02:27:18Z,137,2.5
2018-02-22T02:27:20Z,138,2.3
2018-02-22T02:27:22Z,139,2.3
2018-02-22T02:27:24Z,139,2.3
2018-02-22T02:27:26Z,139,2.3
2018-02-22T02:27:28Z,140,2.2
2018-02-22T02:27:30Z,140,1.9
2018-02-22T02:27:32Z,140,2
2018-02-22T02:27:34Z,141,2.3
2018-02-22T02:27:36Z,142,2.6
2018-02-22T02:27:38Z,142,2.7
2018-02-22T02:27:40Z,143,2.6
2018-02-22T02:27:42Z,143,2.6
2018-02-22T02:27:44Z,143,2.5
2018-02-22T02:27:46Z,143,2.6
2018-02-22T02:27:47Z,143,2.7
2018-02-22T02:27:49Z,143,2.8
2018-02-22T02:27:51Z,143,2.9
2018-02-22T02:27:53Z,143,2.8
2018-02-22T02:27:55Z,143,2.8
2018-02-22T02:27:57Z,144,2.8
2018-02-22T02:27:59Z,144,2.7
2018-02-22T02:28:01Z,144,2.6
2018-02-22T02:28:03Z,144,2.4
2018-02-22T02:28:05Z,144,2.2
2018-02-22T02:28:07Z,144,2.1
2018-02-22T02:28:09Z,145,2.3
2018-02-22T02:28:11Z,146,2.4
2018-02-22T02:28:13Z,147,2.2
2018-02-22T02:28:15Z,147,2.2
2018-02-22T02:28:17Z,146,2.3
2018-02-22T02:28:19Z,146,2.4
2018-02-22T02:28:21Z,147,2.2
2018-02-22T02:28:23Z,148,2.2
2018-02-22T02:28:25Z,147,2.3
2018-02-22T02:28:27Z,147,2.5
2018-02-22T02:28:29Z,147,2.5
2018-02-22T02:28:31Z,146,2.5
2018-02-22T02:28:33Z,145,2.4
2018-02-22T02:28:35Z,145,2.4
2018-02-22T02:28:37Z,145,2.6
2018-02-22T02:28:38Z,145,2.9
2018-02-22T02:28:40Z,145,3.1
2018-02-22T02:28:41Z,144,3.1
2018-02-22T02:28:42Z,144,3.2
2018-02-22T02:28:43Z,144,3.1
2018-02-22T02:28:45Z,143,3
2018-02-22T02:28:47Z,143,2.9
2018-02-22T02:28:49Z,143,2.8
2018-02-22T02:28:51Z,144,2.6
2018-02-22T02:28:53Z,144,2.5
2018-02-22T02:28:55Z,144,2.4
2018-02-22T02:28:57Z,144,2.3
2018-02-22T02:28:59Z,144,2.3
2018-02-22T02:29:01Z,143,2.6
2018-02-22T02:29:03Z,141,2.6
2018-02-22T02:29:05Z,141,2.5
2018-02-22T02:29:07Z,142,2.4
2018-02-22T02:29:09Z,142,2.5
2018-02-22T02:29:11Z,143,2.6
2018-02-22T02:29:13Z,144,2.7
2018-02-22T02:29:15Z,144,2.6
2018-02-22T02:29:17Z,145,2.4
2018-02-22T02:29:19Z,145,2.3
2018-02-22T02:29:21Z,145,2.2
2018-02-22T02:29:23Z,144,2.1
2018-02-22T02:29:25Z,144,2.1
2018-02-22T02:29:27Z,144,2.2
2018-02-22T02:29:29Z,144,2.2
2018-02-22T02:29:31Z,145,2.2
2018-02-22T02:29:33Z,145,2.3
2018-02-22T02:29:35Z,145,2.5
2018-02-22T02:29:37Z,145,2.6
2018-02-22T02:29:39Z,145,2.6
2018-02-22T02:29:40Z,145,2.6
2018-02-22T02:29:42Z,145,2.8
2018-02-22T02:29:44Z,146,2.8
2018-02-22T02:29:46Z,147,2.8
2018-02-22T02:29:47Z,147,2.8
2018-02-22T02:29:48Z,147,2.9
2018-02-22T02:29:50Z,148,2.9
2018-02-22T02:29:52Z,148,2.8
2018-02-22T02:29:54Z,148,2.6
2018-02-22T02:29:56Z,148,2.5
2018-02-22T02:29:58Z,148,2.4
2018-02-22T02:30:00Z,148,2.5
2018-02-22T02:30:02Z,148,2.5
2018-02-22T02:30:04Z,149,2.5
2018-02-22T02:30:06Z,149,2.4
2018-02-22T02:30:08Z,150,2.5
2018-02-22T02:30:10Z,150,2.6
2018-02-22T02:30:12Z,150,2.6
2018-02-22T02:30:14Z,150,2.6
2018-02-22T02:30:16Z,150,2.7
2018-02-22T02:30:18Z,150,2.8
2018-02-22T02:30:20Z,150,2.7
2018-02-22T02:30:22Z,150,2.4
2018-02-22T02:30:24Z,149,2.2
2018-02-22T02:30:26Z,149,2
2018-02-22T02:30:28Z,149,2
2018-02-22T02:30:30Z,149,2.1
2018-02-22T02:30:32Z,150,2.1
2018-02-22T02:30:34Z,150,2.2
2018-02-22T02:30:36Z,150,2.4
2018-02-22T02:30:37Z,150,2.7
2018-02-22T02:30:38Z,150,2.8
2018-02-22T02:30:40Z,150,2.8
2018-02-22T02:30:42Z,150,2.6
2018-02-22T02:30:44Z,150,2.6
2018-02-22T02:30:46Z,151,2.6
2018-02-22T02:30:48Z,151,2.6
2018-02-22T02:30:50Z,152,2.6
2018-02-22T02:30:52Z,152,2.6
2018-02-22T02:30:54Z,152,2.5
2018-02-22T02:30:56Z,153,2.5
2018-02-22T02:30:58Z,153,2.5
2018-02-22T02:31:00Z,154,2.7
2018-02-22T02:31:02Z,154,2.7
2018-02-22T02:31:03Z,154,2.8
2018-02-22T02:31:04Z,154,2.8
2018-02-22T02:31:05Z,154,2.9
2018-02-22T02:31:06Z,154,2.9
2018-02-22T02:31:08Z,154,2.9
2018-02-22T02:31:10Z,155,2.7
2018-02-22T02:31:12Z,155,2.6
2018-02-22T02:31:14Z,154,2.7
2018-02-22T02:31:16Z,154,2.7
2018-02-22T02:31:18Z,153,2.6
2018-02-22T02:31:20Z,153,2.5
2018-02-22T02:31:22Z,152,2.5
2018-02-22T02:31:24Z,152,2.5
2018-02-22T02:31:26Z,152,2.4
2018-02-22T02:31:28Z,151,2.2
2018-02-22T02:31:30Z,151,1.9
2018-02-22T02:31:32Z,151,2
2018-02-22T02:31:34Z,152,2
2018-02-22T02:31:36Z,152,2
2018-02-22T02:31:38Z,152,1.9
2018-02-22T02:31:40Z,152,2.1
2018-02-22T02:31:42Z,152,2.4
2018-02-22T02:31:44Z,152,2.4
2018-02-22T02:31:46Z,151,2.2
2018-02-22T02:31:48Z,151,2.3
2018-02-22T02:31:50Z,151,2.5
2018-02-22T02:31:52Z,150,2.7
2018-02-22T02:31:54Z,150,2.7
2018-02-22T02:31:56Z,150,2.7
2018-02-22T02:31:58Z,150,2.6
2018-02-22T02:32:00Z,150,2.6
2018-02-22T02:32:02Z,149,2.6
2018-02-22T02:32:04Z,148,2.8
2018-02-22T02:32:05Z,148,2.9
2018-02-22T02:32:07Z,148,2.9
2018-02-22T02:32:09Z,149,3
2018-02-22T02:32:11Z,149,2.8
2018-02-22T02:32:13Z,148,2.7
2018-02-22T02:32:15Z,148,2.6
2018-02-22T02:32:17Z,148,2.6
2018-02-22T02:32:19Z,148,2.6
2018-02-22T02:32:21Z,148,2.6
2018-02-22T02:32:23Z,149,2.5
2018-02-22T02:32:25Z,149,2.5
2018-02-22T02:32:26Z,149,2.7
2018-02-22T02:32:27Z,148,2.9
2018-02-22T02:32:28Z,148,3.2
2018-02-22T02:32:29Z,148,3.2
2018-02-22T02:32:30Z,148,3.4
2018-02-22T02:32:32Z,147,3
2018-02-22T02:32:34Z,147,2.9
2018-02-22T02:32:36Z,147,2.9
2018-02-22T02:32:38Z,147,2.8
2018-02-22T02:32:40Z,150,2.8
2018-02-22T02:32:42Z,151,2.8
2018-02-22T02:32:44Z,151,2.8
2018-02-22T02:32:46Z,151,2.8
2018-02-22T02:32:48Z,152,2.7
2018-02-22T02:32:50Z,152,2.6
2018-02-22T02:32:52Z,151,2.7
2018-02-22T02:32:54Z,151,2.8
2018-02-22T02:32:56Z,151,2.7
2018-02-22T02:32:58Z,151,2.8
2018-02-22T02:33:00Z,152,2.8
2018-02-22T02:33:02Z,152,2.8
2018-02-22T02:33:03Z,153,2.8
2018-02-22T02:33:05Z,154,2.8
2018-02-22T02:33:07Z,154,2.8
2018-02-22T02:33:09Z,154,2.7
2018-02-22T02:33:11Z,154,2.7
2018-02-22T02:33:13Z,154,2.8
2018-02-22T02:33:14Z,154,2.9
2018-02-22T02:33:15Z,155,2.9
2018-02-22T02:33:17Z,155,3
2018-02-22T02:33:19Z,155,2.9
2018-02-22T02:33:21Z,155,2.8
2018-02-22T02:33:23Z,155,2.6
2018-02-22T02:33:25Z,154,2.3
2018-02-22T02:33:27Z,153,2.3
2018-02-22T02:33:29Z,152,2.4
2018-02-22T02:33:31Z,152,2.6
2018-02-22T02:33:33Z,153,2.8
2018-02-22T02:33:35Z,153,2.8
2018-02-22T02:33:37Z,153,2.8
2018-02-22T02:33:39Z,153,2.6
2018-02-22T02:33:41Z,154,2.5
2018-02-22T02:33:43Z,155,2.6
2018-02-22T02:33:44Z,155,2.7
2018-02-22T02:33:46Z,156,2.9
2018-02-22T02:33:48Z,155,2.8
2018-02-22T02:33:50Z,156,2.7
2018-02-22T02:33:52Z,155,2.6
2018-02-22T02:33:54Z,155,2.5
2018-02-22T02:33:56Z,155,2.4
2018-02-22T02:33:58Z,154,2.4
2018-02-22T02:34:00Z,153,2.5
2018-02-22T02:34:02Z,151,2.5
2018-02-22T02:34:04Z,151,2.3
2018-02-22T02:34:06Z,149,2.2
2018-02-22T02:34:08Z,149,2.2
2018-02-22T02:34:10Z,148,2.5
2018-02-22T02:34:12Z,149,2.5
2018-02-22T02:34:14Z,149,2.7
2018-02-22T02:34:16Z,150,2.7
2018-02-22T02:34:18Z,150,2.7
2018-02-22T02:34:20Z,150,2.5
2018-02-22T02:34:22Z,151,2.5
2018-02-22T02:34:24Z,151,2.4
2018-02-22T02:34:26Z,152,2.3
2018-02-22T02:34:28Z,152,2.4
2018-02-22T02:34:29Z,152,2.6
2018-02-22T02:34:31Z,153,2.7
2018-02-22T02:34:33Z,152,2.8
2018-02-22T02:34:35Z,152,2.7
2018-02-22T02:34:37Z,151,2.5
2018-02-22T02:34:39Z,152,2.6
2018-02-22T02:34:41Z,152,2.7
2018-02-22T02:34:43Z,152,2.7
2018-02-22T02:34:45Z,152,2.5
2018-02-22T02:34:47Z,153,2.1
2018-02-22T02:34:49Z,153,2.2
2018-02-22T02:34:51Z,153,2.2
2018-02-22T02:34:53Z,153,2.3
2018-02-22T02:34:55Z,153,2.4
2018-02-22T02:34:57Z,153,2.5
2018-02-22T02:34:59Z,153,2.6
2018-02-22T02:35:01Z,154,2.6
2018-02-22T02:35:03Z,155,2.6
2018-02-22T02:35:05Z,155,2.6
2018-02-22T02:35:07Z,156,2.6
2018-02-22T02:35:09Z,156,2.7
2018-02-22T02:35:11Z,157,2.8
2018-02-22T02:35:12Z,157,2.9
2018-02-22T02:35:14Z,158,2.9
2018-02-22T02:35:16Z,158,2.7
2018-02-22T02:35:18Z,158,2.5
2018-02-22T02:35:20Z,158,2.4
2018-02-22T02:35:22Z,158,2.5
2018-02-22T02:35:24Z,158,2.6
2018-02-22T02:35:26Z,158,2.6
2018-02-22T02:35:27Z,158,2.7
2018-02-22T02:35:29Z,158,2.8
2018-02-22T02:35:31Z,158,2.9
2018-02-22T02:35:33Z,158,2.9
2018-02-22T02:35:35Z,158,2.8
2018-02-22T02:35:37Z,159,2.8
2018-02-22T02:35:39Z,160,2.7
2018-02-22T02:35:41Z,160,2.6
2018-02-22T02:35:43Z,160,2.5
2018-02-22T02:35:45Z,159,2.3
2018-02-22T02:35:47Z,159,2.3
2018-02-22T02:35:49Z,158,2.4
2018-02-22T02:35:51Z,158,2.4
2018-02-22T02:35:53Z,157,2.4
2018-02-22T02:35:55Z,157,2.3
2018-02-22T02:35:57Z,157,2.3
2018-02-22T02:35:59Z,157,2.4
2018-02-22T02:36:01Z,157,2.5
2018-02-22T02:36:03Z,157,2.6
2018-02-22T02:36:05Z,157,2.6
2018-02-22T02:36:07Z,158,2.8
2018-02-22T02:36:09Z,158,2.8
2018-02-22T02:36:11Z,158,2.9
2018-02-22T02:36:12Z,157,2.9
2018-02-22T02:36:14Z,157,2.8
2018-02-22T02:36:16Z,155,2.8
2018-02-22T02:36:18Z,155,2.7
2018-02-22T02:36:19Z,155,2.8
2018-02-22T02:36:21Z,154,2.7
2018-02-22T02:36:23Z,154,2.6
2018-02-22T02:36:25Z,154,2.5
2018-02-22T02:36:27Z,155,2.5
2018-02-22T02:36:29Z,156,2.7
2018-02-22T02:36:31Z,156,2.7
2018-02-22T02:36:33Z,156,2.9
2018-02-22T02:36:35Z,156,2.6
2018-02-22T02:36:37Z,157,2.3
2018-02-22T02:36:40Z,157,1.8
2018-02-22T02:36:41Z,157,2
2018-02-22T02:36:43Z,156,2.4
2018-02-22T02:36:45Z,155,3
2018-02-22T02:36:46Z,155,3
2018-02-22T02:36:48Z,156,2.9
2018-02-22T02:36:50Z,156,2.8
2018-02-22T02:37:28Z,136,0.2
2018-02-22T02:37:29Z,137,0.2
2018-02-22T02:37:30Z,137,0.2
2018-02-22T02:37:32Z,136,0.4
2018-02-22T02:37:33Z,136,0.4
2018-02-22T02:37:34Z,134,3.2
2018-02-22T02:37:35Z,133,3.3
2018-02-22T02:37:36Z,133,3.3
2018-02-22T02:37:37Z,133,3.5
2018-02-22T02:37:38Z,132,3.5
2018-02-22T02:37:39Z,132,3.5
2018-02-22T02:37:40Z,133,3.4
2018-02-22T02:37:41Z,136,3.4
2018-02-22T02:37:42Z,136,3.3
2018-02-22T02:37:44Z,137,3
2018-02-22T02:37:46Z,137,2.7
2018-02-22T02:37:47Z,138,2.7
2018-02-22T02:37:48Z,138,2.8
2018-02-22T02:37:49Z,138,2.9
2018-02-22T02:37:50Z,139,3
2018-02-22T02:37:51Z,140,3.3
2018-02-22T02:37:52Z,140,3.2
2018-02-22T02:37:53Z,140,3.3
2018-02-22T02:37:55Z,141,3.1
2018-02-22T02:37:57Z,141,3
2018-02-22T02:37:58Z,141,3
2018-02-22T02:37:59Z,141,3
2018-02-22T02:38:01Z,141,3
2018-02-22T02:38:03Z,141,2.9
2018-02-22T02:38:05Z,142,2.8
2018-02-22T02:38:07Z,143,2.8
2018-02-22T02:38:09Z,143,2.8
2018-02-22T02:38:11Z,143,2.7
2018-02-22T02:38:13Z,144,2.5
2018-02-22T02:38:15Z,144,2.6
2018-02-22T02:38:17Z,144,2.8
2018-02-22T02:38:19Z,145,2.8
2018-02-22T02:38:21Z,145,2.8
2018-02-22T02:38:23Z,146,2.8
2018-02-22T02:38:25Z,146,2.8
2018-02-22T02:38:27Z,146,2.8
2018-02-22T02:38:29Z,146,2.8
2018-02-22T02:38:31Z,146,2.7
2018-02-22T02:38:33Z,147,2.7
2018-02-22T02:38:34Z,148,2.8
2018-02-22T02:38:36Z,148,2.9
2018-02-22T02:38:38Z,148,2.8
2018-02-22T02:38:40Z,148,2.8
2018-02-22T02:38:42Z,149,2.8
2018-02-22T02:38:44Z,148,2.8
2018-02-22T02:38:46Z,149,2.8
2018-02-22T02:38:48Z,149,2.7
2018-02-22T02:38:50Z,150,2.6
2018-02-22T02:38:52Z,150,2.6
2018-02-22T02:38:54Z,150,2.8
2018-02-22T02:38:56Z,150,2.8
2018-02-22T02:38:58Z,150,2.8
2018-02-22T02:39:00Z,151,2.6
2018-02-22T02:39:02Z,151,2.6
2018-02-22T02:39:04Z,150,2.6
2018-02-22T02:39:06Z,150,2.7
2018-02-22T02:39:08Z,151,2.8
2018-02-22T02:39:09Z,151,2.9
2018-02-22T02:39:11Z,151,3
2018-02-22T02:39:12Z,151,3
2018-02-22T02:39:14Z,152,2.9
2018-02-22T02:39:16Z,152,3
2018-02-22T02:39:17Z,152,3.1
2018-02-22T02:39:18Z,152,3.1
2018-02-22T02:39:19Z,152,3.3
2018-02-22T02:39:20Z,152,3.3
2018-02-22T02:39:21Z,152,3.3
2018-02-22T02:39:22Z,152,3.2
2018-02-22T02:39:24Z,153,2.9
2018-02-22T02:39:27Z,153,1.7
2018-02-22T02:39:29Z,153,1.6
2018-02-22T02:39:30Z,152,2
2018-02-22T02:39:31Z,152,2.3
2018-02-22T02:39:32Z,153,3.3
2018-02-22T02:39:33Z,153,3.4
2018-02-22T02:39:34Z,153,3.7
2018-02-22T02:39:35Z,154,3.6
2018-02-22T02:39:36Z,154,3.5
2018-02-22T02:39:38Z,154,2.9
2018-02-22T02:39:39Z,153,2.9
2018-02-22T02:39:40Z,152,2.9
2018-02-22T02:39:42Z,150,2.8
2018-02-22T02:39:44Z,150,2.8
2018-02-22T02:39:46Z,150,2.7
2018-02-22T02:39:48Z,150,2.7
2018-02-22T02:39:50Z,152,2.8
2018-02-22T02:39:51Z,152,2.9
2018-02-22T02:39:53Z,153,3
2018-02-22T02:39:55Z,154,2.9
2018-02-22T02:39:57Z,154,2.9
2018-02-22T02:39:59Z,155,2.8
2018-02-22T02:40:01Z,156,2.8
2018-02-22T02:40:03Z,155,2.8
2018-02-22T02:40:05Z,155,2.8
2018-02-22T02:40:07Z,156,2.7
2018-02-22T02:40:09Z,156,2.5
2018-02-22T02:40:11Z,156,2.5
2018-02-22T02:40:13Z,155,2.5
2018-02-22T02:40:15Z,154,2.7
2018-02-22T02:40:17Z,154,2.8
2018-02-22T02:40:19Z,153,2.9
2018-02-22T02:40:21Z,154,2.9
2018-02-22T02:40:22Z,154,2.9
2018-02-22T02:40:24Z,155,3
2018-02-22T02:40:26Z,155,3
2018-02-22T02:40:28Z,155,2.9
2018-02-22T02:40:30Z,154,2.8
2018-02-22T02:40:32Z,154,2.8
2018-02-22T02:40:34Z,153,2.8
2018-02-22T02:40:36Z,153,2.7
2018-02-22T02:40:38Z,153,2.6
2018-02-22T02:40:40Z,153,2.7
2018-02-22T02:40:42Z,153,2.7
2018-02-22T02:40:44Z,153,2.8
2018-02-22T02:40:46Z,153,2.8
2018-02-22T02:40:47Z,153,2.9
2018-02-22T02:40:49Z,154,2.9
2018-02-22T02:40:51Z,154,2.9
2018-02-22T02:40:53Z,154,2.8
2018-02-22T02:40:55Z,154,2.8
2018-02-22T02:40:57Z,154,2.8
2018-02-22T02:40:59Z,154,2.8
2018-02-22T02:41:01Z,153,2.7
2018-02-22T02:41:03Z,152,2.7
2018-02-22T02:41:05Z,152,2.7
2018-02-22T02:41:07Z,152,2.6
2018-02-22T02:41:09Z,152,2.5
2018-02-22T02:41:11Z,151,2.4
2018-02-22T02:41:13Z,150,2.4
2018-02-22T02:41:15Z,150,2.4
2018-02-22T02:41:17Z,149,2.5
2018-02-22T02:41:19Z,149,2.6
2018-02-22T02:41:21Z,148,2.6
2018-02-22T02:41:23Z,148,2.5
2018-02-22T02:41:25Z,148,2.5
2018-02-22T02:41:27Z,149,2.4
2018-02-22T02:41:29Z,149,2.4
2018-02-22T02:41:31Z,149,2.5
2018-02-22T02:41:33Z,149,2.6
2018-02-22T02:41:35Z,148,2.7
2018-02-22T02:41:37Z,148,2.6
2018-02-22T02:41:39Z,148,2.6
2018-02-22T02:41:41Z,148,2.5
2018-02-22T02:41:43Z,149,2.4
2018-02-22T02:41:45Z,150,2.5
2018-02-22T02:41:47Z,150,2.6
2018-02-22T02:41:49Z,151,2.8
2018-02-22T02:41:51Z,152,2.8
2018-02-22T02:41:53Z,152,2.8
2018-02-22T02:41:55Z,152,2.7
2018-02-22T02:41:57Z,152,2.7
2018-02-22T02:41:59Z,152,2.7
2018-02-22T02:42:01Z,151,2.6
2018-02-22T02:42:03Z,152,2.6
2018-02-22T02:42:05Z,152,2.5
2018-02-22T02:42:07Z,152,2.6
2018-02-22T02:42:09Z,152,2.7
2018-02-22T02:42:11Z,152,2.7
2018-02-22T02:42:13Z,152,2.7
2018-02-22T02:42:15Z,151,2.7
2018-02-22T02:42:17Z,151,2.8
2018-02-22T02:42:19Z,151,2.8
2018-02-22T02:42:21Z,152,2.8
2018-02-22T02:42:23Z,152,2.7
2018-02-22T02:42:25Z,153,2.8
2018-02-22T02:42:27Z,153,2.7
2018-02-22T02:42:29Z,152,2.5
2018-02-22T02:42:31Z,152,2.3
2018-02-22T02:42:41Z,152,0.7
2018-02-22T02:42:42Z,151,0.7
2018-02-22T02:42:43Z,151,0.9
2018-02-22T02:42:45Z,152,1.2
2018-02-22T02:42:46Z,152,3.1
2018-02-22T02:42:47Z,152,3.2
2018-02-22T02:42:48Z,152,3.1
2018-02-22T02:42:49Z,152,3.1
2018-02-22T02:42:51Z,152,3
2018-02-22T02:42:52Z,152,3
2018-02-22T02:42:54Z,151,2.9
2018-02-22T02:42:56Z,151,2.9
2018-02-22T02:42:58Z,150,2.8
2018-02-22T02:43:00Z,150,2.8
2018-02-22T02:43:02Z,149,2.7
2018-02-22T02:43:04Z,149,2.4
2018-02-22T02:43:17Z,143,0.6
2018-02-22T02:43:19Z,143,0.7
2018-02-22T02:43:21Z,143,0.9
2018-02-22T02:43:23Z,147,2.5
2018-02-22T02:43:25Z,147,2.3
2018-02-22T02:43:27Z,149,2.3
2018-02-22T02:43:29Z,150,2.3
2018-02-22T02:43:31Z,150,2.5
2018-02-22T02:43:33Z,150,2.4
2018-02-22T02:43:35Z,149,2.5
2018-02-22T02:43:37Z,149,2.6
2018-02-22T02:43:38Z,149,2.9
2018-02-22T02:43:39Z,150,2.9
2018-02-22T02:43:41Z,150,2.8
2018-02-22T02:43:43Z,150,2.5
2018-02-22T02:43:45Z,150,2.4
2018-02-22T02:43:47Z,149,2.3
2018-02-22T02:43:49Z,149,2.2
2018-02-22T02:43:51Z,149,2.2
2018-02-22T02:43:53Z,149,2.3
2018-02-22T02:43:55Z,149,2.5
2018-02-22T02:43:57Z,149,2.6
2018-02-22T02:43:59Z,151,2.6
2018-02-22T02:44:01Z,151,2.4
2018-02-22T02:44:03Z,151,2.5
2018-02-22T02:44:05Z,151,2.7
2018-02-22T02:44:07Z,151,2.8
2018-02-22T02:44:09Z,150,2.8
2018-02-22T02:44:11Z,150,2.9
2018-02-22T02:44:13Z,149,2.8
2018-02-22T02:44:15Z,150,2.8
2018-02-22T02:44:17Z,150,2.6
2018-02-22T02:44:19Z,149,2.6
2018-02-22T02:44:21Z,150,2.6
2018-02-22T02:44:23Z,150,2.6
2018-02-22T02:44:25Z,150,2.5
2018-02-22T02:44:27Z,150,2.4
2018-02-22T02:44:29Z,151,2.3
2018-02-22T02:44:31Z,151,2.2
2018-02-22T02:44:33Z,152,2.2
2018-02-22T02:44:35Z,152,2.1
2018-02-22T02:44:37Z,153,2.3
2018-02-22T02:44:39Z,153,2.3
2018-02-22T02:44:41Z,153,2.3
2018-02-22T02:44:43Z,152,2.3
2018-02-22T02:44:45Z,152,2.3
2018-02-22T02:44:47Z,152,2.3
2018-02-22T02:44:49Z,152,2.3
2018-02-22T02:44:51Z,151,2.5
2018-02-22T02:44:53Z,151,2.4
2018-02-22T02:44:55Z,150,2.3
2018-02-22T02:44:57Z,150,2.3
2018-02-22T02:44:59Z,149,2.4
2018-02-22T02:45:01Z,148,2.4
2018-02-22T02:45:03Z,148,2.2
2018-02-22T02:45:08Z,146,1.1
2018-02-22T02:45:09Z,146,1.1
2018-02-22T02:45:10Z,147,1.4
2018-02-22T02:45:11Z,147,1.6
2018-02-22T02:45:12Z,147,1.8
2018-02-22T02:45:13Z,147,3.1
2018-02-22T02:45:15Z,148,2.9
2018-02-22T02:45:17Z,148,2.8
2018-02-22T02:45:19Z,149,2.7
2018-02-22T02:45:21Z,150,2.8
2018-02-22T02:45:23Z,151,2.6
2018-02-22T02:45:25Z,151,2.5
2018-02-22T02:45:26Z,151,2.5
2018-02-22T02:45:28Z,153,2.7
2018-02-22T02:45:30Z,154,2.7
2018-02-22T02:45:32Z,154,2.5
2018-02-22T02:45:33Z,154,2.6
2018-02-22T02:45:35Z,154,2.7
2018-02-22T02:45:37Z,153,2.8
2018-02-22T02:45:38Z,153,2.8
2018-02-22T02:45:40Z,154,2.8
2018-02-22T02:45:42Z,154,2.9
2018-02-22T02:45:43Z,154,2.9
2018-02-22T02:45:45Z,153,2.8
2018-02-22T02:45:47Z,154,2.9
2018-02-22T02:45:49Z,154,2.7
2018-02-22T02:45:51Z,153,2.7
2018-02-22T02:45:53Z,153,2.6
2018-02-22T02:45:55Z,152,2.6
2018-02-22T02:45:57Z,151,2.7
2018-02-22T02:45:59Z,150,2.7
2018-02-22T02:46:01Z,149,2.7
2018-02-22T02:46:03Z,149,2.7
2018-02-22T02:46:05Z,150,2.7
2018-02-22T02:46:07Z,150,2.6
2018-02-22T02:46:09Z,151,2.3
2018-02-22T02:46:11Z,151,2.1
2018-02-22T02:46:13Z,151,2.1
2018-02-22T02:46:15Z,152,2.4
2018-02-22T02:46:17Z,152,2.6
2018-02-22T02:46:19Z,152,2.7
2018-02-22T02:46:21Z,153,2.4
2018-02-22T02:46:23Z,154,2.2
2018-02-22T02:46:25Z,154,2.1
2018-02-22T02:46:27Z,153,2.3
2018-02-22T02:46:29Z,153,2.4
2018-02-22T02:46:31Z,152,2.6
2018-02-22T02:46:33Z,153,2.8
2018-02-22T02:46:34Z,153,3.1
2018-02-22T02:46:35Z,153,3.2
2018-02-22T02:46:36Z,153,3.6
2018-02-22T02:46:37Z,153,3.5
2018-02-22T02:46:39Z,153,3.3
2018-02-22T02:46:40Z,153,3.2
2018-02-22T02:46:42Z,153,2.8
2018-02-22T02:46:44Z,153,2.7
2018-02-22T02:46:46Z,153,2.5
2018-02-22T02:46:48Z,153,2.5
2018-02-22T02:46:50Z,154,2.4
2018-02-22T02:46:51Z,154,2.5
2018-02-22T02:46:52Z,154,2.6
2018-02-22T02:46:54Z,154,2.6
2018-02-22T02:46:56Z,155,2.6
2018-02-22T02:46:57Z,155,2.6
2018-02-22T02:46:59Z,155,2.6
2018-02-22T02:47:01Z,154,2.6
2018-02-22T02:47:03Z,154,2.4
2018-02-22T02:47:05Z,154,2.5
2018-02-22T02:47:07Z,153,2.5
2018-02-22T02:47:09Z,153,2.8
2018-02-22T02:47:10Z,154,2.9
2018-02-22T02:47:11Z,154,2.9
2018-02-22T02:47:13Z,155,2.8
2018-02-22T02:47:15Z,156,2.3
2018-02-22T02:47:17Z,156,2
2018-02-22T02:47:19Z,157,2.5
2018-02-22T02:47:20Z,157,3
2018-02-22T02:47:21Z,157,3.3
2018-02-22T02:47:22Z,157,4.5
2018-02-22T02:47:23Z,157,4.5
2018-02-22T02:47:25Z,157,4.2
2018-02-22T02:47:27Z,156,2.9
2018-02-22T02:47:29Z,156,2.3
2018-02-22T02:47:31Z,156,2.1
2018-02-22T02:47:32Z,156,2.2
2018-02-22T02:47:33Z,156,2.4
2018-02-22T02:47:34Z,156,3
2018-02-22T02:47:35Z,156,3.1
2018-02-22T02:47:36Z,157,3.5
2018-02-22T02:47:37Z,157,3.5
2018-02-22T02:47:38Z,157,3.5
2018-02-22T02:47:40Z,157,3.1
2018-02-22T02:47:41Z,157,3.1
2018-02-22T02:47:43Z,156,2.6
2018-02-22T02:47:45Z,156,2.1
2018-02-22T02:47:47Z,156,2
2018-02-22T02:47:49Z,156,2.1
2018-02-22T02:47:51Z,156,2.3
2018-02-22T02:47:52Z,156,2.5
2018-02-22T02:47:54Z,156,2.8
2018-02-22T02:47:56Z,156,2.8
2018-02-22T02:47:58Z,156,2.8
2018-02-22T02:48:00Z,157,2.8
2018-02-22T02:48:02Z,157,2.8
2018-02-22T02:48:03Z,157,2.8
2018-02-22T02:48:04Z,157,2.8
2018-02-22T02:48:06Z,156,2.8
2018-02-22T02:48:08Z,156,2.7
2018-02-22T02:48:10Z,156,2.7
2018-02-22T02:48:12Z,157,2.6
2018-02-22T02:48:14Z,157,2.4
2018-02-22T02:48:16Z,157,2
2018-02-22T02:48:19Z,157,1.3
2018-02-22T02:48:23Z,157,1.3
2018-02-22T02:48:24Z,157,1.9
2018-02-22T02:48:25Z,156,2.5
2018-02-22T02:48:26Z,155,2.7
2018-02-22T02:48:28Z,155,3.8
2018-02-22T02:48:29Z,155,3.7
2018-02-22T02:48:31Z,155,2.5
2018-02-22T02:48:35Z,155,1.3
2018-02-22T02:48:37Z,155,1.6
2018-02-22T02:48:39Z,155,1.9
2018-02-22T02:48:41Z,155,2.7
2018-02-22T02:48:43Z,155,2.6
2018-02-22T02:48:45Z,154,2.5
2018-02-22T02:48:47Z,153,2.4
2018-02-22T02:48:49Z,153,2.5
2018-02-22T02:48:51Z,153,2.6
2018-02-22T02:48:53Z,153,2.6
2018-02-22T02:48:55Z,152,2.6
2018-02-22T02:48:57Z,151,2.5
2018-02-22T02:48:59Z,151,2.6
2018-02-22T02:49:01Z,151,2.7
2018-02-22T02:49:03Z,152,2.7
2018-02-22T02:49:05Z,152,2.7
2018-02-22T02:49:07Z,151,2.7
2018-02-22T02:49:08Z,151,2.8
2018-02-22T02:49:09Z,151,2.8
2018-02-22T02:49:11Z,151,2.9
2018-02-22T02:49:13Z,150,2.8
2018-02-22T02:49:15Z,150,2.8
2018-02-22T02:49:17Z,150,2.7
2018-02-22T02:49:19Z,151,2.8
2018-02-22T02:49:21Z,151,2.7
2018-02-22T02:49:23Z,151,2.8
2018-02-22T02:49:25Z,151,2.9
2018-02-22T02:49:26Z,151,3
2018-02-22T02:49:28Z,151,3
2018-02-22T02:49:30Z,151,2.9
2018-02-22T02:49:32Z,152,2.7
2018-02-22T02:49:34Z,152,2.8
2018-02-22T02:49:35Z,152,2.8
2018-02-22T02:49:36Z,152,3
2018-02-22T02:49:37Z,152,3.4
2018-02-22T02:49:38Z,152,3.6
2018-02-22T02:49:39Z,152,4.1
2018-02-22T02:49:40Z,152,4.4
2018-02-22T02:49:41Z,153,4.7
2018-02-22T02:49:42Z,154,4.8
2018-02-22T02:49:43Z,154,4.8
2018-02-22T02:49:44Z,154,4.7
2018-02-22T02:49:45Z,154,4.3
2018-02-22T02:49:47Z,158,3.4
2018-02-22T02:49:49Z,160,2.9
2018-02-22T02:49:50Z,161,3
2018-02-22T02:49:51Z,161,3
2018-02-22T02:49:52Z,161,3.3
2018-02-22T02:49:53Z,162,3.3
2018-02-22T02:49:54Z,163,3.4
2018-02-22T02:49:55Z,163,3.4
2018-02-22T02:49:56Z,164,3.3
2018-02-22T02:49:57Z,164,3.2
2018-02-22T02:49:59Z,164,2.8
2018-02-22T02:50:01Z,164,2.5
2018-02-22T02:50:03Z,162,2.3
2018-02-22T02:50:05Z,160,2.4
2018-02-22T02:50:07Z,158,2.4
2018-02-22T02:50:10Z,155,1.7
2018-02-22T02:50:12Z,155,1.5
2018-02-22T02:50:14Z,155,1.8
2018-02-22T02:50:16Z,155,2.6
2018-02-22T02:50:17Z,155,2.9
2018-02-22T02:50:18Z,155,3
2018-02-22T02:50:20Z,156,3
2018-02-22T02:50:22Z,157,2.4
2018-02-22T02:50:24Z,158,2
2018-02-22T02:50:26Z,158,2
2018-02-22T02:50:28Z,158,2.3
2018-02-22T02:50:30Z,157,2.5
2018-02-22T02:50:32Z,157,2.6
2018-02-22T02:50:34Z,157,2.4
2018-02-22T02:50:36Z,157,2.3
2018-02-22T02:50:38Z,157,2.4
2018-02-22T02:50:39Z,157,2.7
2018-02-22T02:50:40Z,158,2.8
2018-02-22T02:50:41Z,158,3.1
2018-02-22T02:50:42Z,158,3.2
2018-02-22T02:50:43Z,158,3.4
2018-02-22T02:50:44Z,158,3.6
2018-02-22T02:50:45Z,159,3.8
2018-02-22T02:50:46Z,159,4
2018-02-22T02:50:47Z,160,4.1
2018-02-22T02:50:48Z,160,4.2
2018-02-22T02:50:49Z,160,4.3
2018-02-22T02:50:50Z,161,4.4
2018-02-22T02:50:51Z,161,4.4
2018-02-22T02:50:52Z,161,4.5
2018-02-22T02:50:53Z,161,4.3
2018-02-22T02:50:54Z,162,4.2
2018-02-22T02:50:55Z,162,4.2
2018-02-22T02:50:56Z,162,4.2
2018-02-22T02:50:57Z,163,4.1
2018-02-22T02:50:58Z,164,4.2
2018-02-22T02:50:59Z,164,4.1
2018-02-22T02:51:00Z,164,3.9
2018-02-22T02:51:01Z,165,3.7
2018-02-22T02:51:02Z,166,3.6
2018-02-22T02:51:03Z,167,3.6
2018-02-22T02:51:04Z,167,3.6
2018-02-22T02:51:05Z,167,3.6
2018-02-22T02:51:06Z,168,3.6
2018-02-22T02:51:07Z,168,3.6
2018-02-22T02:51:08Z,169,3.6
2018-02-22T02:51:09Z,169,3.6
2018-02-22T02:51:10Z,169,3.5
2018-02-22T02:51:11Z,169,3.5
2018-02-22T02:51:12Z,169,3.5
2018-02-22T02:51:13Z,169,3.6
2018-02-22T02:51:14Z,169,3.6
2018-02-22T02:51:15Z,170,3.6
2018-02-22T02:51:16Z,170,3.6
2018-02-22T02:51:17Z,170,3.6
2018-02-22T02:51:18Z,170,3.6
2018-02-22T02:51:19Z,171,3.6
2018-02-22T02:51:20Z,171,3.6
2018-02-22T02:51:21Z,171,3.6
2018-02-22T02:51:22Z,172,3.6
2018-02-22T02:51:23Z,172,3.7
2018-02-22T02:51:24Z,172,3.6
2018-02-22T02:51:25Z,172,3.6
2018-02-22T02:51:26Z,172,3.6
2018-02-22T02:51:27Z,173,3.5
2018-02-22T02:51:28Z,173,3.5
2018-02-22T02:51:29Z,173,3.5
2018-02-22T02:51:30Z,173,3.6
2018-02-22T02:51:31Z,173,3.7
2018-02-22T02:51:32Z,173,3.7
2018-02-22T02:51:33Z,173,3.7
2018-02-22T02:51:34Z,174,3.7
2018-02-22T02:51:35Z,174,3.6
2018-02-22T02:51:36Z,174,3.5
2018-02-22T02:51:37Z,174,3.4
2018-02-22T02:51:38Z,174,3.4
2018-02-22T02:51:39Z,174,3.4
2018-02-22T02:51:40Z,174,3.5
2018-02-22T02:51:41Z,175,3.6
2018-02-22T02:51:42Z,175,3.6
2018-02-22T02:51:43Z,175,3.7
2018-02-22T02:51:44Z,175,3.7
2018-02-22T02:51:45Z,175,3.7
2018-02-22T02:51:46Z,175,3.7
2018-02-22T02:51:47Z,175,3.7
2018-02-22T02:51:48Z,175,3.6
2018-02-22T02:51:49Z,175,3.6
2018-02-22T02:51:50Z,175,3.7
2018-02-22T02:51:51Z,175,3.7
2018-02-22T02:51:52Z,175,3.7
2018-02-22T02:51:53Z,175,3.6
2018-02-22T02:51:55Z,175,3.3
2018-02-22T02:51:56Z,175,3.1
2018-02-22T02:51:58Z,176,3
2018-02-22T02:51:59Z,176,3
2018-02-22T02:52:00Z,176,3.1
2018-02-22T02:52:01Z,176,3.2
2018-02-22T02:52:02Z,176,3.3
2018-02-22T02:52:03Z,176,3.4
2018-02-22T02:52:04Z,176,3.5
2018-02-22T02:52:05Z,176,3.5
2018-02-22T02:52:06Z,176,3.5
2018-02-22T02:52:07Z,176,3.4
2018-02-22T02:52:08Z,176,3.4
2018-02-22T02:52:09Z,177,3.5
2018-02-22T02:52:10Z,177,3.4
2018-02-22T02:52:11Z,177,3.4
2018-02-22T02:52:12Z,177,3.4
2018-02-22T02:52:13Z,177,3.3
2018-02-22T02:52:14Z,177,3.3
2018-02-22T02:52:15Z,177,3.4
2018-02-22T02:52:16Z,177,3.5
2018-02-22T02:52:17Z,178,3.6
2018-02-22T02:52:18Z,178,3.7
2018-02-22T02:52:19Z,178,3.7
2018-02-22T02:52:20Z,178,3.6
2018-02-22T02:52:21Z,178,3.5
2018-02-22T02:52:22Z,178,3.4
2018-02-22T02:52:23Z,178,3.4
2018-02-22T02:52:24Z,178,3.4
2018-02-22T02:52:25Z,178,3.4
2018-02-22T02:52:26Z,178,3.4
2018-02-22T02:52:27Z,178,3.4
2018-02-22T02:52:28Z,178,3.4
2018-02-22T02:52:29Z,178,3.4
2018-02-22T02:52:30Z,178,3.4
2018-02-22T02:52:31Z,178,3.4
2018-02-22T02:52:32Z,178,3.4
2018-02-22T02:52:33Z,178,3.5
2018-02-22T02:52:34Z,178,3.6
2018-02-22T02:52:35Z,178,3.6
2018-02-22T02:52:36Z,178,3.7
2018-02-22T02:52:37Z,178,3.7
2018-02-22T02:52:38Z,178,3.6
2018-02-22T02:52:39Z,178,3.6
2018-02-22T02:52:40Z,178,3.6
2018-02-22T02:52:41Z,178,3.6
2018-02-22T02:52:42Z,178,3.5
2018-02-22T02:52:43Z,178,3.6
2018-02-22T02:52:44Z,178,3.6
2018-02-22T02:52:45Z,178,3.6
2018-02-22T02:52:46Z,178,3.7
2018-02-22T02:52:47Z,178,3.8
2018-02-22T02:52:48Z,178,3.9
2018-02-22T02:52:49Z,178,3.9
2018-02-22T02:52:50Z,178,3.9
2018-02-22T02:52:51Z,178,3.9
2018-02-22T02:52:52Z,178,3.8
2018-02-22T02:52:53Z,178,3.8
2018-02-22T02:52:54Z,178,3.8
2018-02-22T02:52:55Z,178,3.7
2018-02-22T02:52:56Z,178,3.7
2018-02-22T02:52:57Z,178,3.7
2018-02-22T02:52:58Z,178,3.7
2018-02-22T02:52:59Z,178,3.7
2018-02-22T02:53:00Z,178,3.7
2018-02-22T02:53:01Z,178,3.8
2018-02-22T02:53:02Z,178,3.8
2018-02-22T02:53:03Z,178,3.7
2018-02-22T02:53:04Z,178,3.7
2018-02-22T02:53:05Z,179,3.7
2018-02-22T02:53:06Z,179,3.7
2018-02-22T02:53:07Z,179,3.7
2018-02-22T02:53:08Z,179,3.8
2018-02-22T02:53:09Z,179,3.8
2018-02-22T02:53:10Z,179,3.8
2018-02-22T02:53:11Z,179,3.8
2018-02-22T02:53:12Z,179,3.7
2018-02-22T02:53:13Z,179,3.7
2018-02-22T02:53:14Z,179,3.6
2018-02-22T02:53:15Z,179,3.5
2018-02-22T02:53:16Z,179,3.6
2018-02-22T02:53:17Z,179,3.6
2018-02-22T02:53:18Z,179,3.6
2018-02-22T02:53:19Z,179,3.7
2018-02-22T02:53:20Z,179,3.8
2018-02-22T02:53:21Z,179,3.8
2018-02-22T02:53:22Z,179,3.8
2018-02-22T02:53:23Z,180,3.8
2018-02-22T02:53:24Z,180,3.8
2018-02-22T02:53:25Z,181,3.7
2018-02-22T02:53:26Z,181,3.7
2018-02-22T02:53:27Z,181,3.7
2018-02-22T02:53:28Z,181,3.7
2018-02-22T02:53:29Z,181,3.7
2018-02-22T02:53:30Z,181,3.8
2018-02-22T02:53:31Z,181,3.8
2018-02-22T02:53:32Z,181,3.8
2018-02-22T02:53:33Z,181,3.9
2018-02-22T02:53:34Z,181,4
2018-02-22T02:53:35Z,181,4.2
2018-02-22T02:53:36Z,181,4.4
2018-02-22T02:53:37Z,181,4.5
2018-02-22T02:53:38Z,181,4.5
2018-02-22T02:53:39Z,181,4.4
2018-02-22T02:53:40Z,181,4.2
2018-02-22T02:53:41Z,181,4.1
2018-02-22T02:53:42Z,181,4
2018-02-22T02:53:43Z,181,3.8
2018-02-22T02:53:44Z,181,3.7
2018-02-22T02:53:45Z,181,3.7
2018-02-22T02:53:46Z,180,3.6
2018-02-22T02:53:47Z,180,3.7
2018-02-22T02:53:48Z,180,3.7
2018-02-22T02:53:49Z,180,3.7
2018-02-22T02:53:50Z,180,3.8
2018-02-22T02:53:51Z,180,3.9
2018-02-22T02:53:52Z,180,3.9
2018-02-22T02:53:53Z,180,3.9
2018-02-22T02:53:54Z,180,4
2018-02-22T02:53:55Z,180,3.9
2018-02-22T02:53:56Z,180,3.8
2018-02-22T02:53:57Z,181,3.7
2018-02-22T02:53:58Z,181,3.7
2018-02-22T02:53:59Z,181,3.7
2018-02-22T02:54:00Z,181,3.6
2018-02-22T02:54:01Z,181,3.6
2018-02-22T02:54:02Z,181,3.5
2018-02-22T02:54:03Z,182,3.4
2018-02-22T02:54:04Z,182,3.3
2018-02-22T02:54:06Z,182,3.1
2018-02-22T02:54:07Z,182,3.1
2018-02-22T02:54:08Z,182,3.1
2018-02-22T02:54:09Z,182,3.2
2018-02-22T02:54:10Z,182,3.2
2018-02-22T02:54:11Z,182,3.4
2018-02-22T02:54:12Z,182,3.6
2018-02-22T02:54:13Z,182,3.6
2018-02-22T02:54:14Z,182,3.7
2018-02-22T02:54:15Z,182,3.8
2018-02-22T02:54:16Z,182,3.8
2018-02-22T02:54:17Z,182,3.9
2018-02-22T02:54:18Z,182,3.9
2018-02-22T02:54:19Z,182,3.8
2018-02-22T02:54:20Z,182,3.7
2018-02-22T02:54:21Z,182,3.5
2018-02-22T02:54:23Z,182,3.2
2018-02-22T02:54:24Z,182,3.2
2018-02-22T02:54:25Z,182,3.2
2018-02-22T02:54:26Z,182,3.4
2018-02-22T02:54:27Z,182,3.4
2018-02-22T02:54:28Z,182,3.6
2018-02-22T02:54:29Z,182,3.7
2018-02-22T02:54:30Z,183,3.6
2018-02-22T02:54:31Z,183,3.6
2018-02-22T02:54:32Z,183,3.7
2018-02-22T02:54:33Z,183,3.8
2018-02-22T02:54:34Z,183,3.8
2018-02-22T02:54:35Z,183,3.9
2018-02-22T02:54:36Z,183,4
2018-02-22T02:54:37Z,183,4
2018-02-22T02:54:38Z,183,4
2018-02-22T02:54:39Z,184,4
2018-02-22T02:54:40Z,184,4.1
2018-02-22T02:54:41Z,184,4
2018-02-22T02:54:42Z,184,4
2018-02-22T02:54:43Z,184,3.9
2018-02-22T02:54:44Z,184,3.8
2018-02-22T02:54:45Z,184,3.8
2018-02-22T02:54:46Z,184,3.7
2018-02-22T02:54:47Z,184,3.7
2018-02-22T02:54:48Z,184,3.7
2018-02-22T02:54:49Z,184,3.7
2018-02-22T02:54:50Z,184,3.7
2018-02-22T02:54:51Z,184,3.7
2018-02-22T02:54:52Z,184,3.7
2018-02-22T02:54:53Z,184,3.7
2018-02-22T02:54:54Z,185,3.8
2018-02-22T02:54:55Z,184,3.7
2018-02-22T02:54:56Z,184,3.7
2018-02-22T02:54:57Z,185,3.7
2018-02-22T02:54:58Z,185,3.6
2018-02-22T02:54:59Z,185,3.6
2018-02-22T02:55:00Z,184,3.5
2018-02-22T02:55:01Z,184,3.6
2018-02-22T02:55:02Z,184,3.6
2018-02-22T02:55:03Z,184,3.6
2018-02-22T02:55:04Z,184,3.7
2018-02-22T02:55:05Z,183,3.7
2018-02-22T02:55:06Z,183,3.8
2018-02-22T02:55:07Z,183,3.8
2018-02-22T02:55:08Z,183,3.8
2018-02-22T02:55:09Z,183,3.9
2018-02-22T02:55:10Z,184,4
2018-02-22T02:55:11Z,184,4
2018-02-22T02:55:12Z,184,4.1
2018-02-22T02:55:13Z,184,4.1
2018-02-22T02:55:14Z,183,4.1
2018-02-22T02:55:15Z,183,4
2018-02-22T02:55:16Z,183,3.9
2018-02-22T02:55:17Z,183,3.9
2018-02-22T02:55:18Z,183,3.9
2018-02-22T02:55:19Z,183,3.9
2018-02-22T02:55:20Z,184,3.9
2018-02-22T02:55:21Z,184,3.9
2018-02-22T02:55:22Z,184,3.9
2018-02-22T02:55:23Z,184,3.8
2018-02-22T02:55:24Z,184,3.8
2018-02-22T02:55:25Z,184,3.9
2018-02-22T02:55:26Z,184,4.1
2018-02-22T02:55:27Z,184,4
2018-02-22T02:55:29Z,184,3.7
2018-02-22T02:55:30Z,184,3.7
2018-02-22T02:55:31Z,184,3.5
2018-02-22T02:55:32Z,184,3.7
2018-02-22T02:55:33Z,184,3.9
2018-02-22T02:55:34Z,184,4.2
2018-02-22T02:55:35Z,185,4.2
2018-02-22T02:55:36Z,185,4.2
2018-02-22T02:55:37Z,185,4.1
2018-02-22T02:55:38Z,185,4
2018-02-22T02:55:39Z,185,3.9
2018-02-22T02:55:40Z,185,3.8
2018-02-22T02:55:41Z,185,3.7
2018-02-22T02:55:42Z,185,3.8
2018-02-22T02:55:43Z,185,3.8
2018-02-22T02:55:44Z,185,3.9
2018-02-22T02:55:45Z,185,4
2018-02-22T02:55:46Z,185,4.1
2018-02-22T02:55:47Z,185,4.1
2018-02-22T02:55:48Z,185,4.2
2018-02-22T02:55:49Z,185,4.2
2018-02-22T02:55:50Z,185,4.1
2018-02-22T02:55:51Z,185,4.1
2018-02-22T02:55:52Z,186,4
2018-02-22T02:55:53Z,186,3.7
2018-02-22T02:55:55Z,186,3.5
2018-02-22T02:55:56Z,185,3.4
2018-02-22T02:55:57Z,185,3.4
2018-02-22T02:55:58Z,185,3.4
2018-02-22T02:55:59Z,185,3.4
2018-02-22T02:56:00Z,186,3.5
2018-02-22T02:56:01Z,186,3.4
2018-02-22T02:56:02Z,186,3.4
2018-02-22T02:56:03Z,186,3.4
2018-02-22T02:56:04Z,186,3.5
2018-02-22T02:56:05Z,186,3.6
2018-02-22T02:56:06Z,186,3.8
2018-02-22T02:56:07Z,186,3.9
2018-02-22T02:56:08Z,187,4
2018-02-22T02:56:09Z,187,4
2018-02-22T02:56:10Z,187,4
2018-02-22T02:56:11Z,187,4.1
2018-02-22T02:56:12Z,187,4.1
2018-02-22T02:56:13Z,187,4.1
2018-02-22T02:56:14Z,187,4.1
2018-02-22T02:56:15Z,187,4
2018-02-22T02:56:16Z,187,3.9
2018-02-22T02:56:17Z,187,3.7
2018-02-22T02:56:18Z,187,3.6
2018-02-22T02:56:19Z,187,3.5
2018-02-22T02:56:20Z,187,3.4
2018-02-22T02:56:21Z,186,3.6
2018-02-22T02:56:22Z,186,3.7
2018-02-22T02:56:23Z,186,3.7
2018-02-22T02:56:24Z,186,3.9
2018-02-22T02:56:25Z,186,3.9
2018-02-22T02:56:27Z,186,3.3
2018-02-22T02:56:29Z,186,2.8
2018-02-22T02:56:31Z,185,2.4
2018-02-22T02:56:33Z,184,2.3
2018-02-22T02:56:35Z,184,2.2
2018-02-22T02:56:37Z,183,2.4
2018-02-22T02:56:39Z,181,2.4
2018-02-22T02:56:41Z,181,2.4
2018-02-22T02:56:43Z,181,2.3
2018-02-22T02:56:45Z,180,2.4
2018-02-22T02:56:47Z,179,2.4
2018-02-22T02:56:49Z,179,2.5
2018-02-22T02:56:51Z,178,2.5
2018-02-22T02:56:53Z,178,2.6
2018-02-22T02:56:55Z,177,2.6
2018-02-22T02:56:57Z,176,2.7
2018-02-22T02:56:59Z,176,2.7
2018-02-22T02:57:01Z,175,2.7
2018-02-22T02:57:03Z,175,2.7
2018-02-22T02:57:05Z,174,2.6
2018-02-22T02:57:07Z,174,2.6
2018-02-22T02:57:09Z,173,2.6
2018-02-22T02:57:11Z,172,2.6
2018-02-22T02:57:13Z,170,2.6
2018-02-22T02:57:15Z,169,2.6
2018-02-22T02:57:17Z,168,2.6
2018-02-22T02:57:19Z,167,2.6
2018-02-22T02:57:21Z,167,2.5
2018-02-22T02:57:23Z,166,2.4
2018-02-22T02:57:25Z,166,2.5
2018-02-22T02:57:27Z,166,2.6
2018-02-22T02:57:29Z,166,2.5
2018-02-22T02:57:31Z,165,2.5
2018-02-22T02:57:33Z,165,2.4
2018-02-22T02:57:35Z,165,2.4
2018-02-22T02:57:37Z,165,2.3
2018-02-22T02:57:39Z,164,2.4
2018-02-22T02:57:41Z,164,2.5
2018-02-22T02:57:43Z,164,2.7
2018-02-22T02:57:45Z,164,2.8
2018-02-22T02:57:47Z,163,2.9
2018-02-22T02:57:48Z,163,2.9
2018-02-22T02:57:50Z,162,3
2018-02-22T02:57:51Z,162,3.2
2018-02-22T02:57:52Z,162,3.4
2018-02-22T02:57:53Z,162,3.5
2018-02-22T02:57:54Z,162,3.5
2018-02-22T02:57:56Z,162,3
2018-02-22T02:57:58Z,162,2.3
2018-02-22T02:58:04Z,160,1.1
2018-02-22T02:58:06Z,160,1
2018-02-22T02:58:08Z,160,1.3
2018-02-22T02:58:10Z,160,2.1
2018-02-22T02:58:12Z,159,2.4
2018-02-22T02:58:14Z,159,2.5
2018-02-22T02:58:16Z,158,2.5
2018-02-22T02:58:18Z,158,2.3
2018-02-22T02:58:20Z,158,2.4
2018-02-22T02:58:22Z,157,2.5
2018-02-22T02:58:24Z,157,2.7
2018-02-22T02:58:26Z,157,2.6
2018-02-22T02:58:28Z,157,2.6
2018-02-22T02:58:29Z,157,2.7
2018-02-22T02:58:30Z,158,3
2018-02-22T02:58:31Z,158,3.6
2018-02-22T02:58:32Z,158,3.7
2018-02-22T02:58:33Z,159,4.3
2018-02-22T02:58:34Z,160,4.4
2018-02-22T02:58:35Z,160,4.3
2018-02-22T02:58:36Z,162,4
2018-02-22T02:58:37Z,162,4
2018-02-22T02:58:38Z,162,4
2018-02-22T02:58:39Z,163,3.9
2018-02-22T02:58:40Z,164,3.9
2018-02-22T02:58:41Z,165,4
2018-02-22T02:58:42Z,165,4.1
2018-02-22T02:58:43Z,167,4
2018-02-22T02:58:44Z,168,4
2018-02-22T02:58:45Z,168,4
2018-02-22T02:58:46Z,169,4
2018-02-22T02:58:47Z,169,3.9
2018-02-22T02:58:48Z,169,3.8
2018-02-22T02:58:49Z,170,3.7
2018-02-22T02:58:50Z,171,3.6
2018-02-22T02:58:51Z,171,3.6
2018-02-22T02:58:52Z,172,3.8
2018-02-22T02:58:53Z,172,4.2
2018-02-22T02:58:54Z,172,4.5
2018-02-22T02:58:55Z,173,4.7
2018-02-22T02:58:56Z,173,4.7
2018-02-22T02:58:57Z,174,4.6
2018-02-22T02:58:58Z,174,4.3
2018-02-22T02:58:59Z,174,4.1
2018-02-22T02:59:00Z,174,3.9
2018-02-22T02:59:01Z,174,3.9
2018-02-22T02:59:02Z,175,3.8
2018-02-22T02:59:03Z,175,3.8
2018-02-22T02:59:04Z,175,3.7
2018-02-22T02:59:05Z,176,3.7
2018-02-22T02:59:06Z,176,3.6
2018-02-22T02:59:07Z,176,3.5
2018-02-22T02:59:08Z,176,3.5
2018-02-22T02:59:09Z,176,3.4
2018-02-22T02:59:10Z,176,3.5
2018-02-22T02:59:11Z,177,3.5
2018-02-22T02:59:12Z,178,3.5
2018-02-22T02:59:13Z,178,3.5
2018-02-22T02:59:14Z,178,3.6
2018-02-22T02:59:15Z,178,3.6
2018-02-22T02:59:16Z,178,3.6
2018-02-22T02:59:17Z,179,3.7
2018-02-22T02:59:18Z,179,3.7
2018-02-22T02:59:19Z,179,3.8
2018-02-22T02:59:20Z,179,3.8
2018-02-22T02:59:21Z,180,3.8
2018-02-22T02:59:22Z,180,3.7
2018-02-22T02:59:23Z,180,3.6
2018-02-22T02:59:24Z,180,3.6
2018-02-22T02:59:25Z,180,3.8
2018-02-22T02:59:26Z,180,3.9
2018-02-22T02:59:27Z,180,4.1
2018-02-22T02:59:28Z,180,4.2
2018-02-22T02:59:29Z,180,4.1
2018-02-22T02:59:30Z,181,4.1
2018-02-22T02:59:31Z,181,3.9
2018-02-22T02:59:32Z,181,3.8
2018-02-22T02:59:33Z,181,3.7
2018-02-22T02:59:34Z,182,3.7
2018-02-22T02:59:35Z,182,3.7
2018-02-22T02:59:36Z,182,3.8
2018-02-22T02:59:37Z,182,3.8
2018-02-22T02:59:38Z,182,3.9
2018-02-22T02:59:39Z,183,3.9
2018-02-22T02:59:40Z,183,3.9
2018-02-22T02:59:41Z,183,3.8
2018-02-22T02:59:42Z,183,3.8
2018-02-22T02:59:43Z,183,3.7
2018-02-22T02:59:44Z,183,3.7
2018-02-22T02:59:45Z,184,3.6
2018-02-22T02:59:46Z,184,3.5
2018-02-22T02:59:47Z,184,3.6
2018-02-22T02:59:48Z,184,3.7
2018-02-22T02:59:49Z,184,3.6
2018-02-22T02:59:50Z,185,3.7
2018-02-22T02:59:51Z,185,3.8
2018-02-22T02:59:52Z,185,3.9
2018-02-22T02:59:53Z,185,4.1
2018-02-22T02:59:54Z,185,4.2
2018-02-22T02:59:55Z,185,4.2
2018-02-22T02:59:56Z,185,4.2
2018-02-22T02:59:57Z,184,4
2018-02-22T02:59:58Z,184,3.9
2018-02-22T02:59:59Z,184,3.8
2018-02-22T03:00:00Z,185,3.8
2018-02-22T03:00:01Z,185,3.9
2018-02-22T03:00:02Z,185,3.9
2018-02-22T03:00:03Z,185,3.8
2018-02-22T03:00:04Z,185,3.7
2018-02-22T03:00:05Z,185,3.7
2018-02-22T03:00:06Z,185,3.5
2018-02-22T03:00:07Z,185,3.4
2018-02-22T03:00:08Z,185,3.5
2018-02-22T03:00:09Z,185,3.5
2018-02-22T03:00:10Z,186,3.4
2018-02-22T03:00:11Z,186,3.5
2018-02-22T03:00:12Z,186,3.6
2018-02-22T03:00:13Z,186,3.7
2018-02-22T03:00:14Z,186,3.6
2018-02-22T03:00:16Z,186,3.5
2018-02-22T03:00:17Z,186,3.4
2018-02-22T03:00:18Z,186,3.3
2018-02-22T03:00:19Z,186,3.4
2018-02-22T03:00:20Z,186,3.5
2018-02-22T03:00:21Z,186,3.7
2018-02-22T03:00:22Z,186,3.7
2018-02-22T03:00:23Z,186,3.7
2018-02-22T03:00:24Z,186,3.6
2018-02-22T03:00:25Z,186,3.6
2018-02-22T03:00:26Z,186,3.6
2018-02-22T03:00:27Z,186,3.6
2018-02-22T03:00:28Z,186,3.7
2018-02-22T03:00:29Z,186,3.8
2018-02-22T03:00:30Z,186,3.9
2018-02-22T03:00:31Z,186,4
2018-02-22T03:00:32Z,186,4
2018-02-22T03:00:34Z,186,3.4
2018-02-22T03:00:36Z,186,2.5
2018-02-22T03:00:38Z,187,2
2018-02-22T03:00:39Z,187,1.9
2018-02-22T03:00:40Z,187,2.3
2018-02-22T03:00:41Z,187,3.1
2018-02-22T03:00:42Z,187,3.4
2018-02-22T03:00:43Z,187,4.5
2018-02-22T03:00:44Z,187,4.8
2018-02-22T03:00:45Z,187,4.7
2018-02-22T03:00:46Z,187,4.5
2018-02-22T03:00:47Z,187,4.2
2018-02-22T03:00:48Z,187,3.9
2018-02-22T03:00:49Z,187,3.7
2018-02-22T03:00:50Z,187,3.7
2018-02-22T03:00:51Z,187,3.7
2018-02-22T03:00:52Z,187,3.7
2018-02-22T03:00:53Z,187,3.7
2018-02-22T03:00:54Z,187,3.7
2018-02-22T03:00:55Z,187,3.6
2018-02-22T03:00:56Z,186,3.5
2018-02-22T03:00:57Z,187,3.4
2018-02-22T03:00:58Z,187,3.3
2018-02-22T03:00:59Z,187,3.3
2018-02-22T03:01:00Z,187,3.3
2018-02-22T03:01:01Z,187,3.4
2018-02-22T03:01:02Z,187,3.4
2018-02-22T03:01:03Z,187,3.4
2018-02-22T03:01:04Z,187,3.5
2018-02-22T03:01:05Z,187,3.5
2018-02-22T03:01:06Z,187,3.6
2018-02-22T03:01:07Z,187,3.7
2018-02-22T03:01:08Z,187,3.8
2018-02-22T03:01:09Z,187,3.9
2018-02-22T03:01:10Z,187,4
2018-02-22T03:01:11Z,187,4
2018-02-22T03:01:12Z,187,3.9
2018-02-22T03:01:13Z,187,3.8
2018-02-22T03:01:14Z,187,3.7
2018-02-22T03:01:15Z,188,3.4
2018-02-22T03:01:17Z,188,3.2
2018-02-22T03:01:18Z,188,3.3
2018-02-22T03:01:19Z,188,3.5
2018-02-22T03:01:20Z,188,3.6
2018-02-22T03:01:21Z,189,3.6
2018-02-22T03:01:22Z,189,3.8
2018-02-22T03:01:23Z,189,3.8
2018-02-22T03:01:24Z,189,3.8
2018-02-22T03:01:25Z,189,3.9
2018-02-22T03:01:26Z,189,3.9
2018-02-22T03:01:27Z,189,3.9
2018-02-22T03:01:28Z,189,3.9
2018-02-22T03:01:29Z,189,3.8
2018-02-22T03:01:30Z,189,3.7
2018-02-22T03:01:31Z,189,3.6
2018-02-22T03:01:32Z,189,3.5
2018-02-22T03:01:33Z,189,3.5
2018-02-22T03:01:34Z,189,3.5
2018-02-22T03:01:35Z,189,3.5
2018-02-22T03:01:36Z,189,3.7
2018-02-22T03:01:37Z,189,3.8
2018-02-22T03:01:38Z,189,3.9
2018-02-22T03:01:39Z,189,3.9
2018-02-22T03:01:40Z,189,4
2018-02-22T03:01:41Z,189,4
2018-02-22T03:01:42Z,189,3.9
2018-02-22T03:01:43Z,189,3.9
2018-02-22T03:01:44Z,189,4
2018-02-22T03:01:45Z,190,4
2018-02-22T03:01:46Z,190,4.1
2018-02-22T03:01:47Z,190,4.1
2018-02-22T03:01:48Z,190,4.2
2018-02-22T03:01:49Z,190,4.2
2018-02-22T03:01:50Z,190,4.1
2018-02-22T03:01:51Z,189,4
2018-02-22T03:01:52Z,190,3.9
2018-02-22T03:01:53Z,190,3.7
2018-02-22T03:01:54Z,190,3.6
2018-02-22T03:01:55Z,190,3.6
2018-02-22T03:01:56Z,189,3.7
2018-02-22T03:01:57Z,189,3.7
2018-02-22T03:01:58Z,189,3.7
2018-02-22T03:01:59Z,189,3.7
2018-02-22T03:02:00Z,189,3.7
2018-02-22T03:02:01Z,189,3.6
2018-02-22T03:02:02Z,189,3.7
2018-02-22T03:02:03Z,189,3.7
2018-02-22T03:02:04Z,188,3.7
2018-02-22T03:02:05Z,189,3.7
2018-02-22T03:02:06Z,189,3.7
2018-02-22T03:02:07Z,189,3.7
2018-02-22T03:02:08Z,189,3.6
2018-02-22T03:02:09Z,189,3.7
2018-02-22T03:02:10Z,189,3.7
2018-02-22T03:02:11Z,189,3.7
2018-02-22T03:02:12Z,189,3.8
2018-02-22T03:02:13Z,189,3.8
2018-02-22T03:02:14Z,189,3.9
2018-02-22T03:02:15Z,189,3.9
2018-02-22T03:02:16Z,189,3.8
2018-02-22T03:02:17Z,190,3.7
2018-02-22T03:02:18Z,190,3.5
2018-02-22T03:02:19Z,190,3.5
2018-02-22T03:02:20Z,190,3.4
2018-02-22T03:02:21Z,191,3.4
2018-02-22T03:02:22Z,191,3.5
2018-02-22T03:02:23Z,191,3.5
2018-02-22T03:02:24Z,191,3.5
2018-02-22T03:02:26Z,191,2.8
2018-02-22T03:02:29Z,191,1.9
2018-02-22T03:02:30Z,191,2.2
2018-02-22T03:02:31Z,191,2.7
2018-02-22T03:02:32Z,191,3.2
2018-02-22T03:02:33Z,191,3.6
2018-02-22T03:02:34Z,191,5
2018-02-22T03:02:35Z,191,5.2
2018-02-22T03:02:36Z,191,5.2
2018-02-22T03:02:37Z,191,5
2018-02-22T03:02:38Z,191,4.6
2018-02-22T03:02:39Z,191,4.4
2018-02-22T03:02:40Z,192,4.2
2018-02-22T03:02:41Z,192,4
2018-02-22T03:02:42Z,192,3.8
2018-02-22T03:02:43Z,192,3.7
2018-02-22T03:02:44Z,192,3.6
2018-02-22T03:02:45Z,192,3.6
2018-02-22T03:02:46Z,191,3.6
2018-02-22T03:02:47Z,191,3.5
2018-02-22T03:02:48Z,191,3.5
2018-02-22T03:02:49Z,191,3.5
2018-02-22T03:02:50Z,191,3.6
2018-02-22T03:02:51Z,191,3.6
2018-02-22T03:02:52Z,191,3.6
2018-02-22T03:02:53Z,191,3.7
2018-02-22T03:02:54Z,191,3.7
2018-02-22T03:02:55Z,191,3.7
2018-02-22T03:02:56Z,191,3.7
2018-02-22T03:02:57Z,191,3.6
2018-02-22T03:02:58Z,191,3.5
2018-02-22T03:02:59Z,191,3.5
2018-02-22T03:03:00Z,191,3.5
2018-02-22T03:03:01Z,191,3.5
2018-02-22T03:03:02Z,191,3.6
2018-02-22T03:03:03Z,191,3.8
2018-02-22T03:03:04Z,191,3.8
2018-02-22T03:03:05Z,191,3.8
2018-02-22T03:03:06Z,191,3.9
2018-02-22T03:03:07Z,191,4
2018-02-22T03:03:08Z,191,3.9
2018-02-22T03:03:09Z,191,3.9
2018-02-22T03:03:10Z,191,4
2018-02-22T03:03:11Z,192,4.1
2018-02-22T03:03:12Z,192,4
2018-02-22T03:03:13Z,193,4
2018-02-22T03:03:14Z,193,4
2018-02-22T03:03:15Z,193,4
2018-02-22T03:03:16Z,193,4
2018-02-22T03:03:17Z,193,4.1
2018-02-22T03:03:18Z,193,4.1
2018-02-22T03:03:19Z,193,4.1
2018-02-22T03:03:20Z,193,4.1
2018-02-22T03:03:21Z,193,4.1
2018-02-22T03:03:22Z,193,4.2
2018-02-22T03:03:23Z,193,4.4
2018-02-22T03:03:24Z,193,4.4
2018-02-22T03:03:25Z,193,4.3
2018-02-22T03:03:26Z,193,4.2
2018-02-22T03:03:27Z,193,4.1
2018-02-22T03:03:28Z,193,4
2018-02-22T03:03:29Z,193,3.9
2018-02-22T03:03:30Z,193,4
2018-02-22T03:03:31Z,193,4.1
2018-02-22T03:03:32Z,193,4.1
2018-02-22T03:03:33Z,193,4.1
2018-02-22T03:03:34Z,193,4.1
2018-02-22T03:03:35Z,193,4.2
2018-02-22T03:03:36Z,193,4.2
2018-02-22T03:03:37Z,193,4.2
2018-02-22T03:03:38Z,193,4.3
2018-02-22T03:03:39Z,193,4.3
2018-02-22T03:03:40Z,193,4.2
2018-02-22T03:03:41Z,193,4.1
2018-02-22T03:03:42Z,193,4.1
2018-02-22T03:03:43Z,193,4
2018-02-22T03:03:44Z,193,3.9
2018-02-22T03:03:45Z,194,3.9
2018-02-22T03:03:46Z,194,3.9
2018-02-22T03:03:47Z,194,4
2018-02-22T03:03:48Z,194,4.1
2018-02-22T03:03:49Z,194,4.3
2018-02-22T03:03:50Z,194,4.3
2018-02-22T03:03:51Z,194,4.3
2018-02-22T03:03:52Z,194,4.2
2018-02-22T03:03:53Z,195,4.1
2018-02-22T03:03:54Z,195,3.8
2018-02-22T03:03:55Z,195,3.6
2018-02-22T03:03:56Z,195,3.4
2018-02-22T03:03:58Z,195,3.1
2018-02-22T03:04:00Z,194,2.8
2018-02-22T03:04:02Z,194,2.6
2018-02-22T03:04:04Z,193,2.5
2018-02-22T03:04:06Z,193,2.4
2018-02-22T03:04:08Z,192,2.4
2018-02-22T03:04:10Z,192,2.4
2018-02-22T03:04:12Z,192,2.3
2018-02-22T03:04:14Z,192,2.3
2018-02-22T03:04:16Z,190,2.1
2018-02-22T03:04:18Z,189,2.1
2018-02-22T03:04:20Z,189,2
2018-02-22T03:04:23Z,188,1.7
2018-02-22T03:04:25Z,187,1.7
2018-02-22T03:04:27Z,187,1.8
2018-02-22T03:04:30Z,186,1.6
2018-02-22T03:04:32Z,185,1.7
2018-02-22T03:04:34Z,185,1.7
2018-02-22T03:04:36Z,184,2.2
2018-02-22T03:04:38Z,184,2.3
2018-02-22T03:04:40Z,183,2.5
2018-02-22T03:04:42Z,181,2.4
2018-02-22T03:04:44Z,181,2.3
2018-02-22T03:04:46Z,178,2.2
2018-02-22T03:04:48Z,178,2.4
2018-02-22T03:04:50Z,176,2.4
2018-02-22T03:04:52Z,175,2.4
2018-02-22T03:04:54Z,175,2.2
2018-02-22T03:04:56Z,175,2.1
2018-02-22T03:04:58Z,174,2.1
2018-02-22T03:05:00Z,173,2.2
2018-02-22T03:05:02Z,173,2.2
2018-02-22T03:05:04Z,173,2.3
2018-02-22T03:05:06Z,172,2.2
2018-02-22T03:05:08Z,172,2.2
2018-02-22T03:05:10Z,171,2.1
2018-02-22T03:05:12Z,170,2
2018-02-22T03:05:14Z,169,2
2018-02-22T03:05:16Z,168,2.1
2018-02-22T03:05:18Z,168,2.3
2018-02-22T03:05:20Z,167,2.4
2018-02-22T03:05:22Z,167,2.5
2018-02-22T03:05:24Z,166,2.3
2018-02-22T03:05:26Z,165,2.1
2018-02-22T03:05:28Z,165,2
2018-02-22T03:05:30Z,165,2
2018-02-22T03:05:32Z,164,2.1
2018-02-22T03:05:34Z,164,2.2
2018-02-22T03:05:36Z,163,2.4
2018-02-22T03:05:38Z,163,2.4
2018-02-22T03:05:40Z,163,2.4
2018-02-22T03:05:42Z,163,2.3
2018-02-22T03:05:44Z,161,2.4
2018-02-22T03:05:46Z,161,2.3
2018-02-22T03:05:48Z,161,2.3
2018-02-22T03:05:50Z,161,2.2
2018-02-22T03:05:52Z,161,2.2
2018-02-22T03:05:54Z,160,1.9
2018-02-22T03:05:56Z,160,1.8
2018-02-22T03:05:58Z,158,1.6
2018-02-22T03:06:00Z,157,1.7
2018-02-22T03:06:03Z,156,1.7
2018-02-22T03:06:05Z,155,1.7
2018-02-22T03:06:07Z,155,1.7
2018-02-22T03:06:09Z,155,1.8
2018-02-22T03:06:11Z,155,1.9
2018-02-22T03:06:13Z,155,1.9
2018-02-22T03:06:15Z,155,1.8
2018-02-22T03:06:17Z,156,1.7
2018-02-22T03:06:19Z,156,2
2018-02-22T03:06:20Z,156,2.4
2018-02-22T03:06:21Z,157,2.6
2018-02-22T03:06:22Z,157,3
2018-02-22T03:06:23Z,158,3
2018-02-22T03:06:24Z,159,3.2
2018-02-22T03:06:25Z,159,3.3
2018-02-22T03:06:26Z,159,3.3
2018-02-22T03:06:27Z,160,3.5
2018-02-22T03:06:28Z,161,3.7
2018-02-22T03:06:29Z,161,3.8
2018-02-22T03:06:30Z,162,3.9
2018-02-22T03:06:31Z,163,3.8
2018-02-22T03:06:32Z,164,3.8
2018-02-22T03:06:33Z,165,3.7
2018-02-22T03:06:34Z,166,3.6
2018-02-22T03:06:35Z,166,3.7
2018-02-22T03:06:36Z,167,3.8
2018-02-22T03:06:37Z,169,3.8
2018-02-22T03:06:38Z,169,3.9
2018-02-22T03:06:39Z,169,3.8
2018-02-22T03:06:40Z,170,3.7
2018-02-22T03:06:41Z,170,3.7
2018-02-22T03:06:42Z,171,3.7
2018-02-22T03:06:43Z,171,3.8
2018-02-22T03:06:44Z,172,3.8
2018-02-22T03:06:45Z,172,3.8
2018-02-22T03:06:46Z,173,3.7
2018-02-22T03:06:47Z,174,3.7
2018-02-22T03:06:48Z,174,3.7
2018-02-22T03:06:49Z,175,3.7
2018-02-22T03:06:50Z,175,3.8
2018-02-22T03:06:51Z,175,3.9
2018-02-22T03:06:52Z,176,4
2018-02-22T03:06:53Z,176,4
2018-02-22T03:06:54Z,177,4
2018-02-22T03:06:55Z,177,3.9
2018-02-22T03:06:56Z,177,4
2018-02-22T03:06:57Z,177,4
2018-02-22T03:06:58Z,177,4
2018-02-22T03:06:59Z,178,4.1
2018-02-22T03:07:00Z,178,4.1
2018-02-22T03:07:01Z,178,4.1
2018-02-22T03:07:02Z,179,4.1
2018-02-22T03:07:03Z,179,4.1
2018-02-22T03:07:04Z,179,4
2018-02-22T03:07:05Z,179,3.9
2018-02-22T03:07:06Z,179,3.9
2018-02-22T03:07:07Z,179,3.8
2018-02-22T03:07:08Z,179,3.7
2018-02-22T03:07:09Z,180,3.7
2018-02-22T03:07:10Z,180,3.7
2018-02-22T03:07:11Z,180,3.6
2018-02-22T03:07:12Z,180,3.6
2018-02-22T03:07:13Z,180,3.6
2018-02-22T03:07:14Z,180,3.6
2018-02-22T03:07:15Z,181,3.6
2018-02-22T03:07:16Z,181,3.6
2018-02-22T03:07:17Z,181,3.7
2018-02-22T03:07:18Z,181,3.8
2018-02-22T03:07:19Z,181,3.9
2018-02-22T03:07:20Z,181,4
2018-02-22T03:07:21Z,181,4.1
2018-02-22T03:07:22Z,182,4.1
2018-02-22T03:07:23Z,182,4.1
2018-02-22T03:07:24Z,182,4
2018-02-22T03:07:25Z,182,3.8
2018-02-22T03:07:26Z,182,3.8
2018-02-22T03:07:27Z,183,3.6
2018-02-22T03:07:28Z,183,3.5
2018-02-22T03:07:29Z,183,3.5
2018-02-22T03:07:30Z,183,3.5
2018-02-22T03:07:31Z,183,3.5
2018-02-22T03:07:32Z,184,3.5
2018-02-22T03:07:33Z,184,3.5
2018-02-22T03:07:34Z,184,3.4
2018-02-22T03:07:35Z,184,3.4
2018-02-22T03:07:36Z,184,3.5
2018-02-22T03:07:37Z,184,3.5
2018-02-22T03:07:38Z,185,3.7
2018-02-22T03:07:39Z,184,3.8
2018-02-22T03:07:40Z,185,3.9
2018-02-22T03:07:41Z,185,3.9
2018-02-22T03:07:42Z,185,4
2018-02-22T03:07:43Z,185,4.1
2018-02-22T03:07:44Z,185,4.1
2018-02-22T03:07:45Z,185,4.1
2018-02-22T03:07:46Z,185,4.1
2018-02-22T03:07:47Z,185,4
2018-02-22T03:07:48Z,185,3.9
2018-02-22T03:07:49Z,185,3.9
2018-02-22T03:07:50Z,185,3.8
2018-02-22T03:07:51Z,185,3.7
2018-02-22T03:07:52Z,185,3.7
2018-02-22T03:07:53Z,185,3.6
2018-02-22T03:07:54Z,186,3.6
2018-02-22T03:07:55Z,186,3.6
2018-02-22T03:07:56Z,186,3.7
2018-02-22T03:07:57Z,186,3.8
2018-02-22T03:07:58Z,186,3.8
2018-02-22T03:07:59Z,186,3.9
2018-02-22T03:08:00Z,186,3.9
2018-02-22T03:08:01Z,186,3.9
2018-02-22T03:08:02Z,186,3.8
2018-02-22T03:08:03Z,186,3.8
2018-02-22T03:08:04Z,186,3.8
2018-02-22T03:08:05Z,187,3.8
2018-02-22T03:08:06Z,187,3.8
2018-02-22T03:08:07Z,187,3.8
2018-02-22T03:08:08Z,187,3.7
2018-02-22T03:08:09Z,187,3.6
2018-02-22T03:08:10Z,187,3.7
2018-02-22T03:08:11Z,187,3.7
2018-02-22T03:08:12Z,188,3.8
2018-02-22T03:08:13Z,188,3.9
2018-02-22T03:08:14Z,188,3.9
2018-02-22T03:08:15Z,188,3.8
2018-02-22T03:08:16Z,188,3.8
2018-02-22T03:08:17Z,188,3.9
2018-02-22T03:08:18Z,188,3.9
2018-02-22T03:08:19Z,189,3.9
2018-02-22T03:08:20Z,189,3.8
2018-02-22T03:08:21Z,189,3.8
2018-02-22T03:08:22Z,189,3.6
2018-02-22T03:08:23Z,189,3.5
2018-02-22T03:08:25Z,190,3.2
2018-02-22T03:08:26Z,190,3
2018-02-22T03:08:27Z,190,3
2018-02-22T03:08:28Z,190,3
2018-02-22T03:08:29Z,190,3.1
2018-02-22T03:08:30Z,190,3.4
2018-02-22T03:08:31Z,190,3.5
2018-02-22T03:08:32Z,190,3.6
2018-02-22T03:08:33Z,190,3.7
2018-02-22T03:08:34Z,190,3.7
2018-02-22T03:08:35Z,190,3.7
2018-02-22T03:08:36Z,190,3.6
2018-02-22T03:08:37Z,190,3.6
2018-02-22T03:08:38Z,190,3.8
2018-02-22T03:08:39Z,190,3.9
2018-02-22T03:08:40Z,190,4
2018-02-22T03:08:41Z,190,4
2018-02-22T03:08:42Z,190,4.1
2018-02-22T03:08:43Z,190,4
2018-02-22T03:08:44Z,190,3.9
2018-02-22T03:08:45Z,190,3.8
2018-02-22T03:08:46Z,190,3.8
2018-02-22T03:08:47Z,190,3.7
2018-02-22T03:08:48Z,190,3.7
2018-02-22T03:08:49Z,190,3.6
2018-02-22T03:08:50Z,190,3.5
2018-02-22T03:08:51Z,190,3.6
2018-02-22T03:08:52Z,190,3.6
2018-02-22T03:08:53Z,191,3.6
2018-02-22T03:08:54Z,191,3.6
2018-02-22T03:08:55Z,191,3.6
2018-02-22T03:08:56Z,191,3.6
2018-02-22T03:08:57Z,191,3.6
2018-02-22T03:08:58Z,191,3.6
2018-02-22T03:08:59Z,190,3.6
2018-02-22T03:09:00Z,190,3.7
2018-02-22T03:09:01Z,190,3.7
2018-02-22T03:09:02Z,190,3.7
2018-02-22T03:09:03Z,191,3.7
2018-02-22T03:09:04Z,191,3.8
2018-02-22T03:09:05Z,191,3.8
2018-02-22T03:09:06Z,191,3.8
2018-02-22T03:09:07Z,191,3.8
2018-02-22T03:09:08Z,191,3.7
2018-02-22T03:09:09Z,191,3.7
2018-02-22T03:09:10Z,191,3.7
2018-02-22T03:09:11Z,191,3.7
2018-02-22T03:09:12Z,191,3.7
2018-02-22T03:09:13Z,191,3.7
2018-02-22T03:09:14Z,191,3.6
2018-02-22T03:09:15Z,191,3.6
2018-02-22T03:09:16Z,191,3.5
2018-02-22T03:09:17Z,191,3.6
2018-02-22T03:09:18Z,191,3.6
2018-02-22T03:09:19Z,192,3.6
2018-02-22T03:09:20Z,192,3.6
2018-02-22T03:09:21Z,191,3.6
2018-02-22T03:09:22Z,191,3.5
2018-02-22T03:09:23Z,191,3.5
2018-02-22T03:09:24Z,191,3.6
2018-02-22T03:09:25Z,192,3.6
2018-02-22T03:09:26Z,192,3.6
2018-02-22T03:09:27Z,192,3.7
2018-02-22T03:09:28Z,192,3.7
2018-02-22T03:09:29Z,192,3.7
2018-02-22T03:09:30Z,192,3.8
2018-02-22T03:09:31Z,192,4
2018-02-22T03:09:32Z,192,4.1
2018-02-22T03:09:33Z,192,4.3
2018-02-22T03:09:34Z,192,4.3
2018-02-22T03:09:35Z,192,4.2
2018-02-22T03:09:36Z,192,4
2018-02-22T03:09:37Z,192,4
2018-02-22T03:09:38Z,193,3.9
2018-02-22T03:09:39Z,193,3.9
2018-02-22T03:09:40Z,193,4.1
2018-02-22T03:09:41Z,193,4.1
2018-02-22T03:09:42Z,193,4
2018-02-22T03:09:43Z,193,4
2018-02-22T03:09:44Z,193,4.2
2018-02-22T03:09:45Z,194,4.2
2018-02-22T03:09:46Z,194,4.2
2018-02-22T03:09:47Z,194,4.3
2018-02-22T03:09:48Z,194,4.3
2018-02-22T03:09:49Z,194,4.1
2018-02-22T03:09:50Z,194,4.1
2018-02-22T03:09:51Z,194,4
2018-02-22T03:09:52Z,194,4
2018-02-22T03:09:53Z,194,3.9
2018-02-22T03:09:54Z,194,3.8
2018-02-22T03:09:55Z,194,3.7
2018-02-22T03:09:56Z,194,3.6
2018-02-22T03:09:57Z,194,3.4
2018-02-22T03:09:59Z,195,3.1
2018-02-22T03:10:00Z,195,3.1
2018-02-22T03:10:01Z,195,3.1
2018-02-22T03:10:03Z,194,2.9
2018-02-22T03:10:05Z,194,2.9
2018-02-22T03:10:07Z,193,2.7
2018-02-22T03:10:09Z,193,2.4
2018-02-22T03:10:11Z,192,2.3
2018-02-22T03:10:13Z,191,2.3
2018-02-22T03:10:15Z,191,2.3
2018-02-22T03:10:17Z,191,2.3
2018-02-22T03:10:19Z,191,2.4
2018-02-22T03:10:21Z,189,2.5
2018-02-22T03:10:23Z,189,2.1
2018-02-22T03:10:25Z,188,1.8
2018-02-22T03:10:28Z,187,1.5
2018-02-22T03:10:30Z,186,1.8
2018-02-22T03:10:32Z,185,2.1
2018-02-22T03:10:34Z,184,2.5
2018-02-22T03:10:36Z,183,2.6
2018-02-22T03:10:38Z,183,2.4
2018-02-22T03:10:40Z,180,2.2
2018-02-22T03:10:42Z,180,2
2018-02-22T03:10:44Z,178,1.8
2018-02-22T03:10:46Z,178,1.8
2018-02-22T03:10:48Z,177,1.9
2018-02-22T03:10:50Z,175,2
2018-02-22T03:10:52Z,175,2.1
2018-02-22T03:10:54Z,175,2.2
2018-02-22T03:10:56Z,174,2.3
2018-02-22T03:10:58Z,174,2.3
2018-02-22T03:11:00Z,173,2.3
2018-02-22T03:11:02Z,173,2.2
2018-02-22T03:11:04Z,172,2.2
2018-02-22T03:11:06Z,172,2.1
2018-02-22T03:11:08Z,171,2.1
2018-02-22T03:11:10Z,170,2.1
2018-02-22T03:11:12Z,169,2.1
2018-02-22T03:11:14Z,168,2
2018-02-22T03:11:16Z,166,2
2018-02-22T03:11:18Z,166,2
2018-02-22T03:11:20Z,165,1.9
2018-02-22T03:11:22Z,164,1.8
2018-02-22T03:11:24Z,163,1.7
2018-02-22T03:11:26Z,163,1.7
2018-02-22T03:11:28Z,163,1.9
2018-02-22T03:11:30Z,162,2
2018-02-22T03:11:32Z,162,2
2018-02-22T03:11:34Z,162,2
2018-02-22T03:11:36Z,162,2
2018-02-22T03:11:38Z,162,1.9
2018-02-22T03:11:40Z,161,1.8
2018-02-22T03:11:42Z,160,1.7
2018-02-22T03:11:44Z,159,1.7
2018-02-22T03:11:46Z,158,1.8
2018-02-22T03:11:48Z,158,2
2018-02-22T03:11:50Z,159,2
2018-02-22T03:11:52Z,159,1.9
2018-02-22T03:11:54Z,159,1.8
2018-02-22T03:11:56Z,160,1.9
2018-02-22T03:11:58Z,160,1.8
2018-02-22T03:12:00Z,160,1.9
2018-02-22T03:12:02Z,160,2
2018-02-22T03:12:04Z,161,2
2018-02-22T03:12:06Z,161,2.1
2018-02-22T03:12:08Z,160,2
2018-02-22T03:12:10Z,160,2
2018-02-22T03:12:12Z,159,2
2018-02-22T03:12:14Z,158,2
2018-02-22T03:12:16Z,157,2.1
2018-02-22T03:12:18Z,157,2.2
2018-02-22T03:12:20Z,157,2.2
2018-02-22T03:12:22Z,157,2.1
2018-02-22T03:12:24Z,157,2
2018-02-22T03:12:26Z,157,1.8
2018-02-22T03:12:28Z,156,1.8
2018-02-22T03:12:30Z,156,2
2018-02-22T03:12:32Z,157,2.3
2018-02-22T03:12:33Z,157,2.6
2018-02-22T03:12:34Z,158,2.8
2018-02-22T03:12:35Z,158,3.2
2018-02-22T03:12:36Z,159,3.3
2018-02-22T03:12:37Z,159,3.6
2018-02-22T03:12:38Z,159,3.7
2018-02-22T03:12:39Z,160,3.8
2018-02-22T03:12:40Z,162,3.9
2018-02-22T03:12:41Z,163,4
2018-02-22T03:12:42Z,163,4
2018-02-22T03:12:43Z,163,4
2018-02-22T03:12:44Z,165,3.9
2018-02-22T03:12:45Z,165,3.7
2018-02-22T03:12:46Z,166,3.6
2018-02-22T03:12:47Z,166,3.6
2018-02-22T03:12:48Z,166,3.5
2018-02-22T03:12:49Z,166,3.6
2018-02-22T03:12:50Z,167,3.6
2018-02-22T03:12:51Z,168,3.7
2018-02-22T03:12:52Z,168,3.7
2018-02-22T03:12:53Z,168,3.6
2018-02-22T03:12:54Z,169,3.6
2018-02-22T03:12:55Z,169,3.7
2018-02-22T03:12:56Z,170,3.7
2018-02-22T03:12:57Z,170,3.7
2018-02-22T03:12:58Z,170,3.9
2018-02-22T03:12:59Z,171,4
2018-02-22T03:13:00Z,172,3.9
2018-02-22T03:13:01Z,172,3.9
2018-02-22T03:13:02Z,172,3.9
2018-02-22T03:13:03Z,173,4
2018-02-22T03:13:04Z,173,3.9
2018-02-22T03:13:05Z,174,4
2018-02-22T03:13:06Z,175,4
2018-02-22T03:13:07Z,175,4
2018-02-22T03:13:08Z,175,4
2018-02-22T03:13:09Z,175,4
2018-02-22T03:13:10Z,176,4
2018-02-22T03:13:11Z,177,4
2018-02-22T03:13:12Z,177,3.9
2018-02-22T03:13:13Z,178,3.9
2018-02-22T03:13:14Z,178,3.8
2018-02-22T03:13:15Z,178,3.8
2018-02-22T03:13:16Z,179,3.7
2018-02-22T03:13:17Z,179,3.7
2018-02-22T03:13:18Z,180,3.7
2018-02-22T03:13:19Z,180,3.6
2018-02-22T03:13:20Z,180,3.5
2018-02-22T03:13:21Z,180,3.4
2018-02-22T03:13:22Z,180,3.3
2018-02-22T03:13:23Z,180,3.3
2018-02-22T03:13:24Z,181,3.3
2018-02-22T03:13:25Z,181,3.3
2018-02-22T03:13:26Z,182,3.3
2018-02-22T03:13:27Z,182,3.4
2018-02-22T03:13:29Z,182,3.1
2018-02-22T03:13:31Z,183,2.8
2018-02-22T03:13:33Z,183,2.7
2018-02-22T03:13:34Z,184,2.8
2018-02-22T03:13:35Z,184,2.9
2018-02-22T03:13:36Z,184,3.2
2018-02-22T03:13:37Z,184,3.4
2018-02-22T03:13:38Z,185,3.6
2018-02-22T03:13:39Z,185,3.7
2018-02-22T03:13:40Z,185,3.7
2018-02-22T03:13:41Z,185,3.7
2018-02-22T03:13:42Z,186,3.6
2018-02-22T03:13:43Z,186,3.4
2018-02-22T03:13:44Z,186,3.3
2018-02-22T03:13:45Z,186,3.3
2018-02-22T03:13:46Z,187,3.5
2018-02-22T03:13:47Z,187,3.5
2018-02-22T03:13:48Z,187,3.5
2018-02-22T03:13:49Z,187,3.6
2018-02-22T03:13:51Z,187,3.3
2018-02-22T03:13:52Z,186,3.2
2018-02-22T03:13:54Z,187,3
2018-02-22T03:13:55Z,187,3.1
2018-02-22T03:13:56Z,187,3.2
2018-02-22T03:13:57Z,187,3.2
2018-02-22T03:13:58Z,187,3.2
2018-02-22T03:13:59Z,186,3.2
2018-02-22T03:14:00Z,186,3.2
2018-02-22T03:14:01Z,186,3.2
2018-02-22T03:14:02Z,186,3.2
2018-02-22T03:14:03Z,186,3.3
2018-02-22T03:14:04Z,186,3.4
2018-02-22T03:14:05Z,187,3.5
2018-02-22T03:14:06Z,187,3.6
2018-02-22T03:14:07Z,187,3.7
2018-02-22T03:14:08Z,188,3.8
2018-02-22T03:14:09Z,188,3.8
2018-02-22T03:14:10Z,188,3.7
2018-02-22T03:14:11Z,188,3.7
2018-02-22T03:14:12Z,188,3.6
2018-02-22T03:14:13Z,188,3.4
2018-02-22T03:14:14Z,189,3.4
2018-02-22T03:14:15Z,189,3.4
2018-02-22T03:14:16Z,189,3.5
2018-02-22T03:14:17Z,189,3.5
2018-02-22T03:14:18Z,189,3.7
2018-02-22T03:14:19Z,189,3.8
2018-02-22T03:14:20Z,189,3.7
2018-02-22T03:14:21Z,189,3.7
2018-02-22T03:14:22Z,189,3.6
2018-02-22T03:14:23Z,189,3.5
2018-02-22T03:14:24Z,189,3.6
2018-02-22T03:14:25Z,189,3.6
2018-02-22T03:14:26Z,189,3.5
2018-02-22T03:14:27Z,189,3.5
2018-02-22T03:14:28Z,189,3.5
2018-02-22T03:14:29Z,189,3.6
2018-02-22T03:14:30Z,189,3.9
2018-02-22T03:14:31Z,189,4.2
2018-02-22T03:14:32Z,189,4.3
2018-02-22T03:14:33Z,189,4.5
2018-02-22T03:14:34Z,189,4.3
2018-02-22T03:14:35Z,189,4
2018-02-22T03:14:36Z,189,3.9
2018-02-22T03:14:37Z,189,3.7
2018-02-22T03:14:38Z,189,3.6
2018-02-22T03:14:39Z,189,3.5
2018-02-22T03:14:40Z,189,3.4
2018-02-22T03:14:41Z,189,3.3
2018-02-22T03:14:42Z,189,3.4
2018-02-22T03:14:43Z,190,3.4
2018-02-22T03:14:44Z,190,3.4
2018-02-22T03:14:45Z,190,3.4
2018-02-22T03:14:46Z,190,3.4
2018-02-22T03:14:47Z,190,3.3
2018-02-22T03:14:48Z,190,3.3
2018-02-22T03:14:49Z,189,3.4
2018-02-22T03:14:50Z,189,3.4
2018-02-22T03:14:51Z,189,3.5
2018-02-22T03:14:52Z,189,3.6
2018-02-22T03:14:53Z,189,3.7
2018-02-22T03:14:54Z,189,3.9
2018-02-22T03:14:55Z,189,4
2018-02-22T03:14:56Z,189,4.1
2018-02-22T03:14:57Z,189,4
2018-02-22T03:14:58Z,189,4
2018-02-22T03:14:59Z,189,3.9
2018-02-22T03:15:00Z,189,3.7
2018-02-22T03:15:02Z,189,3.4
2018-02-22T03:15:03Z,189,3.3
2018-02-22T03:15:04Z,189,3.2
2018-02-22T03:15:05Z,189,3.2
2018-02-22T03:15:06Z,189,3.2
2018-02-22T03:15:08Z,190,3.2
2018-02-22T03:15:09Z,190,3.2
2018-02-22T03:15:10Z,190,3.2
2018-02-22T03:15:11Z,190,3.2
2018-02-22T03:15:12Z,190,3.2
2018-02-22T03:15:13Z,190,3.2
2018-02-22T03:15:14Z,190,3.2
2018-02-22T03:15:15Z,190,3.2
2018-02-22T03:15:16Z,190,3.3
2018-02-22T03:15:17Z,190,3.5
2018-02-22T03:15:18Z,190,3.6
2018-02-22T03:15:19Z,190,3.7
2018-02-22T03:15:20Z,191,3.8
2018-02-22T03:15:21Z,191,3.9
2018-02-22T03:15:22Z,191,3.9
2018-02-22T03:15:23Z,191,3.9
2018-02-22T03:15:24Z,191,3.9
2018-02-22T03:15:25Z,191,3.9
2018-02-22T03:15:26Z,191,3.9
2018-02-22T03:15:27Z,191,3.8
2018-02-22T03:15:28Z,191,3.8
2018-02-22T03:15:29Z,192,3.7
2018-02-22T03:15:30Z,192,3.6
2018-02-22T03:15:31Z,192,3.5
2018-02-22T03:15:32Z,192,3.4
2018-02-22T03:15:33Z,192,3.4
2018-02-22T03:15:34Z,192,3.4
2018-02-22T03:15:35Z,192,3.4
2018-02-22T03:15:36Z,192,3.4
2018-02-22T03:15:37Z,192,3.3
2018-02-22T03:15:38Z,193,3.3
2018-02-22T03:15:39Z,193,3.3
2018-02-22T03:15:40Z,193,3.4
2018-02-22T03:15:41Z,193,3.4
2018-02-22T03:15:42Z,194,3.4
2018-02-22T03:15:43Z,194,3.3
2018-02-22T03:15:44Z,194,3.2
2018-02-22T03:15:45Z,194,3.2
2018-02-22T03:15:46Z,194,3.3
2018-02-22T03:15:47Z,193,3.5
2018-02-22T03:15:48Z,193,3.7
2018-02-22T03:15:49Z,193,3.8
2018-02-22T03:15:50Z,193,4
2018-02-22T03:15:51Z,193,4
2018-02-22T03:15:52Z,193,4
2018-02-22T03:15:53Z,193,4
2018-02-22T03:15:54Z,193,4
2018-02-22T03:15:55Z,193,3.9
2018-02-22T03:15:56Z,193,3.8
2018-02-22T03:15:57Z,194,3.8
2018-02-22T03:15:58Z,194,3.8
2018-02-22T03:15:59Z,194,3.8
2018-02-22T03:16:00Z,194,3.8
2018-02-22T03:16:01Z,194,3.8
2018-02-22T03:16:02Z,194,3.8
2018-02-22T03:16:03Z,194,3.6
2018-02-22T03:16:04Z,194,3.5
2018-02-22T03:16:05Z,193,3.5
2018-02-22T03:16:06Z,193,3.5
2018-02-22T03:16:07Z,193,3.6
2018-02-22T03:16:08Z,194,3.7
2018-02-22T03:16:09Z,194,3.8
2018-02-22T03:16:10Z,194,3.9
2018-02-22T03:16:11Z,194,4
2018-02-22T03:16:12Z,194,4
2018-02-22T03:16:13Z,194,4
2018-02-22T03:16:14Z,194,4
2018-02-22T03:16:15Z,193,3.9
2018-02-22T03:16:16Z,193,3.8
2018-02-22T03:16:18Z,192,3.2
2018-02-22T03:16:20Z,192,2.6
2018-02-22T03:16:22Z,192,2.3
2018-02-22T03:16:24Z,192,2.1
2018-02-22T03:16:26Z,191,1.9
2018-02-22T03:16:28Z,191,1.8
2018-02-22T03:16:30Z,190,1.8
2018-02-22T03:16:32Z,190,2
2018-02-22T03:16:34Z,189,2.2
2018-02-22T03:16:36Z,189,2.3
2018-02-22T03:16:38Z,188,2.2
2018-02-22T03:16:40Z,188,2.1
2018-02-22T03:16:42Z,187,2
2018-02-22T03:16:44Z,186,2
2018-02-22T03:16:46Z,186,2
2018-02-22T03:16:48Z,185,2
2018-02-22T03:16:50Z,184,2
2018-02-22T03:16:52Z,184,1.9
2018-02-22T03:16:54Z,183,2.1
2018-02-22T03:16:56Z,182,2.3
2018-02-22T03:16:58Z,182,2.3
2018-02-22T03:17:00Z,182,2.1
2018-02-22T03:17:02Z,181,2
2018-02-22T03:17:04Z,180,1.9
2018-02-22T03:17:06Z,180,2.1
2018-02-22T03:17:08Z,180,2.3
2018-02-22T03:17:10Z,177,2.2
2018-02-22T03:17:12Z,176,2.3
2018-02-22T03:17:14Z,175,2.1
2018-02-22T03:17:16Z,175,2.2
2018-02-22T03:17:18Z,174,2.1
2018-02-22T03:17:20Z,174,2.1
2018-02-22T03:17:22Z,172,2.1
2018-02-22T03:17:24Z,172,2.1
2018-02-22T03:17:26Z,171,2.1
2018-02-22T03:17:28Z,171,2.3
2018-02-22T03:17:30Z,171,2.4
2018-02-22T03:17:32Z,171,2.5
2018-02-22T03:17:34Z,171,2.5
2018-02-22T03:17:36Z,170,2.5
2018-02-22T03:17:38Z,169,2.5
2018-02-22T03:17:40Z,169,2.5
2018-02-22T03:17:42Z,169,2.5
2018-02-22T03:17:44Z,168,2.4
2018-02-22T03:17:46Z,168,2.4
2018-02-22T03:17:48Z,167,2.3
2018-02-22T03:17:50Z,167,2.3
2018-02-22T03:17:52Z,167,2.3
2018-02-22T03:17:54Z,167,2.1
2018-02-22T03:17:56Z,167,2.2
2018-02-22T03:17:58Z,166,2.1
2018-02-22T03:18:00Z,166,2
2018-02-22T03:18:02Z,166,1.8
2018-02-22T03:18:04Z,166,1.8
2018-02-22T03:18:06Z,166,1.9
2018-02-22T03:18:08Z,166,2
2018-02-22T03:18:10Z,166,2.1
2018-02-22T03:18:12Z,166,2.1
2018-02-22T03:18:14Z,166,2.2
2018-02-22T03:18:16Z,167,2.3
2018-02-22T03:18:18Z,167,2.2
2018-02-22T03:18:20Z,167,2.1
2018-02-22T03:18:22Z,167,2
2018-02-22T03:18:24Z,167,1.9
2018-02-22T03:18:26Z,167,1.7
2018-02-22T03:18:28Z,165,1.6
2018-02-22T03:18:30Z,164,1.8
2018-02-22T03:18:32Z,163,2
2018-02-22T03:18:34Z,163,2.2
2018-02-22T03:18:36Z,163,2.3
2018-02-22T03:18:38Z,163,2.4
2018-02-22T03:18:40Z,163,2.4
2018-02-22T03:18:42Z,163,2.4
2018-02-22T03:18:44Z,163,2.4
2018-02-22T03:18:46Z,162,2.3
2018-02-22T03:18:48Z,162,2.3
2018-02-22T03:18:50Z,162,2.2
2018-02-22T03:18:52Z,163,2.2
2018-02-22T03:18:54Z,163,2.1
2018-02-22T03:18:56Z,164,2
2018-02-22T03:18:58Z,164,1.9
2018-02-22T03:19:00Z,164,2
2018-02-22T03:19:02Z,164,2
2018-02-22T03:19:04Z,164,2.4
2018-02-22T03:19:06Z,164,2.6
2018-02-22T03:19:07Z,164,3
2018-02-22T03:19:08Z,164,3.1
2018-02-22T03:19:09Z,165,3.2
2018-02-22T03:19:10Z,165,3.2
2018-02-22T03:19:11Z,166,3.4
2018-02-22T03:19:12Z,166,3.4
2018-02-22T03:19:13Z,167,3.4
2018-02-22T03:19:14Z,168,3.4
2018-02-22T03:19:15Z,168,3.5
2018-02-22T03:19:16Z,169,3.4
2018-02-22T03:19:17Z,169,3.5
2018-02-22T03:19:18Z,169,3.5
2018-02-22T03:19:19Z,169,3.5
2018-02-22T03:19:20Z,169,3.6
2018-02-22T03:19:21Z,169,3.7
2018-02-22T03:19:22Z,170,3.7
2018-02-22T03:19:23Z,170,3.8
2018-02-22T03:19:24Z,170,3.8
2018-02-22T03:19:25Z,170,3.7
2018-02-22T03:19:26Z,171,3.6
2018-02-22T03:19:27Z,171,3.6
2018-02-22T03:19:28Z,172,3.5
2018-02-22T03:19:29Z,172,3.5
2018-02-22T03:19:30Z,172,3.6
2018-02-22T03:19:31Z,173,3.7
2018-02-22T03:19:32Z,174,3.5
2018-02-22T03:19:33Z,174,3.5
2018-02-22T03:19:34Z,174,3.5
2018-02-22T03:19:35Z,175,3.5
2018-02-22T03:19:36Z,175,3.5
2018-02-22T03:19:37Z,175,3.5
2018-02-22T03:19:38Z,176,3.5
2018-02-22T03:19:39Z,176,3.4
2018-02-22T03:19:40Z,177,3.4
2018-02-22T03:19:41Z,177,3.4
2018-02-22T03:19:42Z,177,3.3
2018-02-22T03:19:43Z,178,3.3
2018-02-22T03:19:44Z,178,3.4
2018-02-22T03:19:45Z,178,3.4
2018-02-22T03:19:46Z,179,3.5
2018-02-22T03:19:47Z,179,3.6
2018-02-22T03:19:48Z,179,3.7
2018-02-22T03:19:49Z,179,3.7
2018-02-22T03:19:50Z,180,3.8
2018-02-22T03:19:51Z,180,3.8
2018-02-22T03:19:52Z,180,3.7
2018-02-22T03:19:53Z,181,3.7
2018-02-22T03:19:54Z,181,3.6
2018-02-22T03:19:55Z,181,3.6
2018-02-22T03:19:56Z,182,3.5
2018-02-22T03:19:57Z,182,3.4
2018-02-22T03:19:58Z,182,3.5
2018-02-22T03:19:59Z,183,3.4
2018-02-22T03:20:00Z,183,3.4
2018-02-22T03:20:01Z,183,3.5
2018-02-22T03:20:02Z,183,3.6
2018-02-22T03:20:03Z,183,3.6
2018-02-22T03:20:04Z,183,3.6
2018-02-22T03:20:05Z,184,3.6
2018-02-22T03:20:06Z,184,3.5
2018-02-22T03:20:07Z,184,3.4
2018-02-22T03:20:08Z,184,3.4
2018-02-22T03:20:09Z,184,3.4
2018-02-22T03:20:10Z,184,3.3
2018-02-22T03:20:11Z,184,3.4
2018-02-22T03:20:12Z,185,3.4
2018-02-22T03:20:13Z,185,3.4
2018-02-22T03:20:14Z,185,3.5
2018-02-22T03:20:15Z,185,3.5
2018-02-22T03:20:16Z,185,3.5
2018-02-22T03:20:17Z,185,3.6
2018-02-22T03:20:18Z,185,3.6
2018-02-22T03:20:19Z,185,3.7
2018-02-22T03:20:20Z,185,3.8
2018-02-22T03:20:21Z,185,3.8
2018-02-22T03:20:22Z,185,3.8
2018-02-22T03:20:23Z,185,3.8
2018-02-22T03:20:24Z,185,3.7
2018-02-22T03:20:25Z,185,3.8
2018-02-22T03:20:26Z,185,3.8
2018-02-22T03:20:27Z,185,3.8
2018-02-22T03:20:28Z,185,3.8
2018-02-22T03:20:29Z,185,3.8
2018-02-22T03:20:30Z,185,3.8
2018-02-22T03:20:31Z,186,3.8
2018-02-22T03:20:32Z,186,3.7
2018-02-22T03:20:33Z,186,3.6
2018-02-22T03:20:34Z,186,3.6
2018-02-22T03:20:35Z,186,3.6
2018-02-22T03:20:36Z,186,3.6
2018-02-22T03:20:37Z,186,3.7
2018-02-22T03:20:38Z,186,3.8
2018-02-22T03:20:39Z,187,3.7
2018-02-22T03:20:40Z,187,3.6
2018-02-22T03:20:42Z,187,3.4
2018-02-22T03:20:43Z,187,3.3
2018-02-22T03:20:44Z,187,3.2
2018-02-22T03:20:45Z,188,3.2
2018-02-22T03:20:46Z,188,3.2
2018-02-22T03:20:47Z,188,3.3
2018-02-22T03:20:48Z,188,3.3
2018-02-22T03:20:49Z,188,3.3
2018-02-22T03:20:50Z,188,3.4
2018-02-22T03:20:51Z,188,3.4
2018-02-22T03:20:52Z,188,3.4
2018-02-22T03:20:53Z,188,3.4
2018-02-22T03:20:54Z,189,3.4
2018-02-22T03:20:55Z,189,3.3
2018-02-22T03:20:56Z,189,3.3
2018-02-22T03:20:57Z,189,3.3
2018-02-22T03:20:58Z,189,3.3
2018-02-22T03:20:59Z,189,3.4
2018-02-22T03:21:00Z,189,3.5
2018-02-22T03:21:01Z,189,3.6
2018-02-22T03:21:02Z,189,3.7
2018-02-22T03:21:03Z,189,3.8
2018-02-22T03:21:04Z,189,3.8
2018-02-22T03:21:05Z,189,3.8
2018-02-22T03:21:06Z,189,3.8
2018-02-22T03:21:07Z,189,3.9
2018-02-22T03:21:08Z,189,3.9
2018-02-22T03:21:09Z,189,3.9
2018-02-22T03:21:10Z,189,3.9
2018-02-22T03:21:11Z,190,3.9
2018-02-22T03:21:12Z,190,3.8
2018-02-22T03:21:13Z,190,3.7
2018-02-22T03:21:14Z,190,3.6
2018-02-22T03:21:15Z,190,3.6
2018-02-22T03:21:16Z,190,3.6
2018-02-22T03:21:17Z,190,3.6
2018-02-22T03:21:18Z,190,3.6
2018-02-22T03:21:19Z,190,3.7
2018-02-22T03:21:20Z,190,3.7
2018-02-22T03:21:21Z,190,3.7
2018-02-22T03:21:22Z,190,3.8
2018-02-22T03:21:23Z,190,3.9
2018-02-22T03:21:24Z,190,4
2018-02-22T03:21:25Z,190,4
2018-02-22T03:21:26Z,190,3.9
2018-02-22T03:21:27Z,191,3.8
2018-02-22T03:21:28Z,191,3.7
2018-02-22T03:21:29Z,191,3.6
2018-02-22T03:21:30Z,191,3.7
2018-02-22T03:21:31Z,191,3.8
2018-02-22T03:21:32Z,192,3.8
2018-02-22T03:21:33Z,192,3.8
2018-02-22T03:21:34Z,192,3.7
2018-02-22T03:21:35Z,192,3.7
2018-02-22T03:21:36Z,192,3.6
2018-02-22T03:21:37Z,192,3.6
2018-02-22T03:21:38Z,192,3.6
2018-02-22T03:21:39Z,192,3.6
2018-02-22T03:21:40Z,192,3.7
2018-02-22T03:21:41Z,192,3.9
2018-02-22T03:21:42Z,192,3.9
2018-02-22T03:21:43Z,192,3.9
2018-02-22T03:21:44Z,192,3.8
2018-02-22T03:21:45Z,192,3.7
2018-02-22T03:21:46Z,192,3.5
2018-02-22T03:21:47Z,192,3.5
2018-02-22T03:21:48Z,192,3.5
2018-02-22T03:21:49Z,192,3.6
2018-02-22T03:21:50Z,192,3.6
2018-02-22T03:21:51Z,192,3.7
2018-02-22T03:21:52Z,192,3.6
2018-02-22T03:21:53Z,192,3.6
2018-02-22T03:21:54Z,192,3.5
2018-02-22T03:21:55Z,192,3.5
2018-02-22T03:21:56Z,192,3.5
2018-02-22T03:21:57Z,192,3.5
2018-02-22T03:21:58Z,192,3.6
2018-02-22T03:21:59Z,192,3.7
2018-02-22T03:22:00Z,192,3.7
2018-02-22T03:22:01Z,193,3.7
2018-02-22T03:22:02Z,193,3.7
2018-02-22T03:22:03Z,193,3.6
2018-02-22T03:22:04Z,193,3.7
2018-02-22T03:22:05Z,193,3.7
2018-02-22T03:22:06Z,193,3.7
2018-02-22T03:22:07Z,193,3.7
2018-02-22T03:22:08Z,193,3.7
2018-02-22T03:22:09Z,193,3.6
2018-02-22T03:22:10Z,193,3.6
2018-02-22T03:22:11Z,193,3.6
2018-02-22T03:22:12Z,193,3.6
2018-02-22T03:22:13Z,193,3.6
2018-02-22T03:22:14Z,194,3.5
2018-02-22T03:22:15Z,194,3.6
2018-02-22T03:22:16Z,194,3.6
2018-02-22T03:22:17Z,194,3.5
2018-02-22T03:22:18Z,194,3.6
2018-02-22T03:22:19Z,194,3.9
2018-02-22T03:22:20Z,194,4.1
2018-02-22T03:22:21Z,194,4.2
2018-02-22T03:22:22Z,194,4.3
2018-02-22T03:22:23Z,194,4.3
2018-02-22T03:22:24Z,193,4.2
2018-02-22T03:22:25Z,193,4
2018-02-22T03:22:26Z,193,3.9
2018-02-22T03:22:27Z,193,4
2018-02-22T03:22:28Z,193,4
2018-02-22T03:22:29Z,194,4.1
2018-02-22T03:22:30Z,194,4.1
2018-02-22T03:22:31Z,194,4.1
2018-02-22T03:22:32Z,194,4.1
2018-02-22T03:22:33Z,194,4.2
2018-02-22T03:22:34Z,194,4.2
2018-02-22T03:22:35Z,194,4.2
2018-02-22T03:22:36Z,194,4.2
2018-02-22T03:22:37Z,194,4.1
2018-02-22T03:22:38Z,194,4
2018-02-22T03:22:39Z,194,3.9
2018-02-22T03:22:40Z,194,3.7
2018-02-22T03:22:41Z,194,3.7
2018-02-22T03:22:42Z,194,3.7
2018-02-22T03:22:43Z,194,3.8
2018-02-22T03:22:44Z,195,3.8
2018-02-22T03:22:45Z,195,3.9
2018-02-22T03:22:46Z,195,3.9
2018-02-22T03:22:47Z,195,3.8
2018-02-22T03:22:48Z,196,3.7
2018-02-22T03:22:50Z,195,3.2
2018-02-22T03:22:52Z,195,2.4
2018-02-22T03:22:54Z,194,2
2018-02-22T03:22:56Z,193,1.7
2018-02-22T03:22:59Z,192,1.4
2018-02-22T03:23:02Z,191,1.3
2018-02-22T03:23:04Z,190,1.4
2018-02-22T03:23:06Z,189,1.5
2018-02-22T03:23:09Z,186,1.3
2018-02-22T03:23:15Z,182,0.8
2018-02-22T03:23:17Z,182,1
2018-02-22T03:23:19Z,181,1.2
2018-02-22T03:23:21Z,181,2
2018-02-22T03:23:23Z,180,2
2018-02-22T03:23:25Z,179,2.1
2018-02-22T03:23:27Z,178,2.1
2018-02-22T03:23:29Z,177,2.1
2018-02-22T03:23:31Z,176,2
2018-02-22T03:23:33Z,176,2
2018-02-22T03:23:35Z,175,2.2
2018-02-22T03:23:37Z,174,2.4
2018-02-22T03:23:39Z,174,2.4
2018-02-22T03:23:41Z,173,2.4
2018-02-22T03:23:42Z,173,2.6
2018-02-22T03:23:44Z,173,2.8
2018-02-22T03:23:46Z,173,2.8
2018-02-22T03:23:48Z,172,2.7
2018-02-22T03:23:50Z,172,2.6
2018-02-22T03:23:52Z,172,2.7
2018-02-22T03:23:54Z,171,2.8
2018-02-22T03:23:56Z,171,2.8
2018-02-22T03:23:58Z,170,2.6
2018-02-22T03:24:00Z,169,2.5
2018-02-22T03:24:02Z,169,2.4
2018-02-22T03:24:04Z,169,2.3
2018-02-22T03:24:06Z,168,2.3
2018-02-22T03:24:08Z,168,2.2
2018-02-22T03:24:10Z,168,2.3
2018-02-22T03:24:12Z,168,2.2
2018-02-22T03:24:14Z,168,2.3
2018-02-22T03:24:16Z,168,2.2
2018-02-22T03:24:18Z,168,2.1
2018-02-22T03:24:20Z,168,2.3
2018-02-22T03:24:22Z,167,2.3
2018-02-22T03:24:24Z,167,2.5
2018-02-22T03:24:26Z,167,2.4
2018-02-22T03:24:28Z,167,2.4
2018-02-22T03:24:30Z,166,2.4
2018-02-22T03:24:32Z,166,2.5
2018-02-22T03:24:34Z,166,2.5
2018-02-22T03:24:36Z,165,2.6
2018-02-22T03:24:38Z,165,2.6
2018-02-22T03:24:40Z,164,2.6
2018-02-22T03:24:42Z,164,2.5
2018-02-22T03:24:44Z,164,2.4
2018-02-22T03:24:46Z,164,2.2
2018-02-22T03:24:48Z,163,2.1
2018-02-22T03:24:50Z,163,2
2018-02-22T03:24:52Z,163,2
2018-02-22T03:24:54Z,163,1.8
2018-02-22T03:24:56Z,163,2
2018-02-22T03:24:58Z,163,2.1
2018-02-22T03:25:00Z,163,2.2
2018-02-22T03:25:02Z,163,2.3
2018-02-22T03:25:04Z,163,2.3
2018-02-22T03:25:06Z,163,2.4
2018-02-22T03:25:08Z,164,2.3
2018-02-22T03:25:10Z,164,2.1
2018-02-22T03:25:12Z,164,2.2
2018-02-22T03:25:14Z,164,2
2018-02-22T03:25:16Z,164,2.1
2018-02-22T03:25:18Z,164,2.3
2018-02-22T03:25:20Z,164,2.4
2018-02-22T03:25:22Z,164,2.6
2018-02-22T03:25:24Z,164,2.6
2018-02-22T03:25:26Z,164,2.7
2018-02-22T03:25:28Z,164,2.5
2018-02-22T03:25:30Z,164,2.4
2018-02-22T03:25:32Z,163,2.2
2018-02-22T03:25:34Z,163,2.1
2018-02-22T03:25:36Z,163,2.1
2018-02-22T03:25:38Z,163,2
2018-02-22T03:25:40Z,162,2
2018-02-22T03:25:42Z,163,2.1
2018-02-22T03:25:44Z,163,2.3
2018-02-22T03:25:46Z,163,2.5
2018-02-22T03:25:48Z,164,2.5
2018-02-22T03:25:50Z,164,2.6
2018-02-22T03:25:52Z,164,2.5
2018-02-22T03:25:54Z,164,2.4
2018-02-22T03:25:56Z,164,2.4
2018-02-22T03:25:58Z,163,2.4
2018-02-22T03:26:00Z,163,2.5
2018-02-22T03:26:02Z,163,2.6
2018-02-22T03:26:04Z,163,2.7
2018-02-22T03:26:06Z,163,2.6
2018-02-22T03:26:08Z,164,2.6
2018-02-22T03:26:10Z,164,2.7
2018-02-22T03:26:12Z,164,2.7
2018-02-22T03:26:14Z,164,2.6
2018-02-22T03:26:16Z,165,2.5
2018-02-22T03:26:18Z,165,2.5
2018-02-22T03:26:20Z,164,2.6
2018-02-22T03:26:22Z,164,2.6
2018-02-22T03:26:24Z,164,2.5
2018-02-22T03:26:26Z,163,2.5
2018-02-22T03:26:28Z,163,2.4
2018-02-22T03:26:30Z,163,2.2
2018-02-22T03:26:32Z,163,2
2018-02-22T03:26:34Z,163,1.8
2018-02-22T03:26:37Z,163,1.3
2018-02-22T03:26:41Z,161,1
2018-02-22T03:26:43Z,161,1.4
2018-02-22T03:26:45Z,161,1.6
2018-02-22T03:26:47Z,162,2.2
2018-02-22T03:26:49Z,163,2.1
2018-02-22T03:26:51Z,163,2
2018-02-22T03:26:53Z,163,1.9
2018-02-22T03:26:55Z,162,2
2018-02-22T03:26:57Z,162,2
2018-02-22T03:26:59Z,162,2.1
2018-02-22T03:27:01Z,162,2
2018-02-22T03:27:03Z,162,2.1
2018-02-22T03:27:05Z,162,2.1
2018-02-22T03:27:07Z,162,2.1
2018-02-22T03:27:09Z,163,2.1
2018-02-22T03:27:11Z,163,2.3
2018-02-22T03:27:13Z,163,2.5
2018-02-22T03:27:15Z,162,2.6
2018-02-22T03:27:17Z,162,2.5
2018-02-22T03:27:19Z,161,2.4
2018-02-22T03:27:21Z,161,2.5
2018-02-22T03:27:23Z,161,2.5
2018-02-22T03:27:25Z,162,2.5
2018-02-22T03:27:27Z,162,2.6
2018-02-22T03:27:29Z,162,2.6
2018-02-22T03:27:31Z,162,2.7
2018-02-22T03:27:33Z,162,2.6
2018-02-22T03:27:35Z,162,2.4
2018-02-22T03:27:37Z,162,2.2
2018-02-22T03:27:39Z,162,2.1
2018-02-22T03:27:41Z,161,2.1
2018-02-22T03:27:43Z,161,2.2
2018-02-22T03:27:45Z,160,2.2
2018-02-22T03:27:47Z,160,2.3
2018-02-22T03:27:49Z,160,2.3
2018-02-22T03:27:51Z,161,2.3
2018-02-22T03:27:53Z,161,2.3
2018-02-22T03:27:55Z,161,2.3
2018-02-22T03:27:57Z,161,2.3
2018-02-22T03:27:59Z,161,2.3
2018-02-22T03:28:01Z,162,2.4
2018-02-22T03:28:03Z,162,2.4
2018-02-22T03:28:05Z,162,2.4
2018-02-22T03:28:07Z,163,2.4
2018-02-22T03:28:09Z,163,2.5
2018-02-22T03:28:11Z,163,2.7
2018-02-22T03:28:13Z,163,2.7
2018-02-22T03:28:15Z,163,2.7
2018-02-22T03:28:17Z,163,2.5
2018-02-22T03:28:19Z,163,2.5
2018-02-22T03:28:21Z,163,2.5
2018-02-22T03:28:23Z,163,2.5
2018-02-22T03:28:25Z,163,2.5
2018-02-22T03:28:27Z,163,2.6
2018-02-22T03:28:29Z,163,2.5
2018-02-22T03:28:31Z,164,2.5
2018-02-22T03:28:33Z,164,2.5
2018-02-22T03:28:35Z,164,2.5
2018-02-22T03:28:37Z,164,2.5
2018-02-22T03:28:39Z,165,2.2
2018-02-22T03:28:41Z,164,2.1
2018-02-22T03:28:43Z,164,2
2018-02-22T03:28:45Z,163,2
2018-02-22T03:28:47Z,163,2
2018-02-22T03:28:49Z,163,2.1
2018-02-22T03:28:51Z,163,2.3
2018-02-22T03:28:53Z,162,2.5
2018-02-22T03:28:55Z,162,2.6
2018-02-22T03:28:57Z,162,2.5
2018-02-22T03:28:59Z,161,2.5
2018-02-22T03:29:01Z,161,2.4
2018-02-22T03:29:03Z,161,2.5
2018-02-22T03:29:05Z,161,2.5
2018-02-22T03:29:07Z,161,2.4
2018-02-22T03:29:09Z,161,2.4
2018-02-22T03:29:11Z,161,2.4
2018-02-22T03:29:13Z,161,2.5
2018-02-22T03:29:15Z,162,2.5
2018-02-22T03:29:17Z,162,2.4
2018-02-22T03:29:19Z,162,2.3
2018-02-22T03:29:21Z,162,2.3
2018-02-22T03:29:23Z,162,2.4
2018-02-22T03:29:25Z,162,2.5
2018-02-22T03:29:27Z,163,2.6
2018-02-22T03:29:29Z,163,2.6
2018-02-22T03:29:31Z,163,2.7
2018-02-22T03:29:33Z,162,2.6
2018-02-22T03:29:35Z,162,2.5
2018-02-22T03:29:37Z,161,2.4
2018-02-22T03:29:39Z,162,2.4
2018-02-22T03:29:41Z,162,2.1
2018-02-22T03:29:43Z,162,2
2018-02-22T03:29:45Z,162,2
2018-02-22T03:29:47Z,162,2
2018-02-22T03:29:49Z,162,2
2018-02-22T03:29:51Z,162,2
2018-02-22T03:29:53Z,163,2.2
2018-02-22T03:29:55Z,163,2.3
2018-02-22T03:29:57Z,163,2.3
2018-02-22T03:29:59Z,163,2.3
2018-02-22T03:30:01Z,163,2.2
2018-02-22T03:30:03Z,163,2.3
2018-02-22T03:30:05Z,163,2.3
2018-02-22T03:30:07Z,163,2.2
2018-02-22T03:30:09Z,163,2.2
2018-02-22T03:30:11Z,163,2.3
2018-02-22T03:30:13Z,163,2.3
2018-02-22T03:30:15Z,163,2.3
2018-02-22T03:30:17Z,163,2.3
2018-02-22T03:30:19Z,163,2.4
2018-02-22T03:30:21Z,162,2.4
2018-02-22T03:30:23Z,161,2.4
2018-02-22T03:30:25Z,160,2.3
2018-02-22T03:30:27Z,159,2.3
2018-02-22T03:30:29Z,159,2.2
2018-02-22T03:30:31Z,159,2.2
2018-02-22T03:30:33Z,159,2.1
2018-02-22T03:30:35Z,160,2
2018-02-22T03:30:37Z,160,1.9
2018-02-22T03:30:39Z,160,2.1
2018-02-22T03:30:41Z,160,2.3
2018-02-22T03:30:43Z,160,2.5
2018-02-22T03:30:45Z,161,2.5
2018-02-22T03:30:47Z,161,2.4
2018-02-22T03:30:49Z,161,2.3
2018-02-22T03:30:51Z,160,2.2
2018-02-22T03:30:53Z,160,2.1
2018-02-22T03:30:55Z,160,2.1
2018-02-22T03:30:57Z,160,2.1
2018-02-22T03:30:59Z,161,2.1
2018-02-22T03:31:01Z,161,2.2
2018-02-22T03:31:03Z,162,2.2
2018-02-22T03:31:05Z,162,2.3
2018-02-22T03:31:07Z,162,2.2
2018-02-22T03:31:09Z,162,2.1
2018-02-22T03:31:11Z,162,2.2
2018-02-22T03:31:13Z,162,2.2
2018-02-22T03:31:15Z,162,2.3
2018-02-22T03:31:17Z,162,2.4
2018-02-22T03:31:19Z,162,2.6
2018-02-22T03:31:21Z,163,2.6
2018-02-22T03:31:23Z,163,2.5
2018-02-22T03:31:25Z,163,2.5
2018-02-22T03:31:27Z,163,2.4
2018-02-22T03:31:29Z,163,2.5
2018-02-22T03:31:31Z,163,2.5
2018-02-22T03:31:33Z,163,2.3
2018-02-22T03:31:35Z,163,2.3
2018-02-22T03:31:36Z,163,2.5
2018-02-22T03:31:37Z,163,2.6
2018-02-22T03:31:39Z,163,2.8
2018-02-22T03:31:41Z,162,2.8
2018-02-22T03:31:43Z,162,2.7
2018-02-22T03:31:44Z,162,2.7
2018-02-22T03:31:45Z,163,2.8
2018-02-22T03:31:47Z,163,2.8
2018-02-22T03:31:49Z,163,2.7
2018-02-22T03:31:51Z,164,2.5
2018-02-22T03:31:53Z,164,2.5
2018-02-22T03:31:55Z,163,2.6
2018-02-22T03:31:57Z,164,2.5
2018-02-22T03:31:59Z,164,2.6
2018-02-22T03:32:01Z,163,2.6
2018-02-22T03:32:03Z,163,2.8
2018-02-22T03:32:05Z,163,2.8
2018-02-22T03:32:07Z,163,2.9
2018-02-22T03:32:09Z,163,2.8
2018-02-22T03:32:11Z,163,2.8
2018-02-22T03:32:13Z,163,2.7
2018-02-22T03:32:15Z,163,2.6
2018-02-22T03:32:17Z,163,2.5
2018-02-22T03:32:19Z,163,2.5
2018-02-22T03:32:21Z,163,2.5
2018-02-22T03:32:23Z,163,2.5
2018-02-22T03:32:25Z,163,2.5
2018-02-22T03:32:27Z,164,2.5
2018-02-22T03:32:29Z,165,2.5
2018-02-22T03:32:31Z,166,2.5
2018-02-22T03:32:33Z,166,2.5
2018-02-22T03:32:35Z,167,2.3
2018-02-22T03:32:37Z,167,2.2
2018-02-22T03:32:39Z,166,2.3
2018-02-22T03:32:41Z,167,2.3
2018-02-22T03:32:43Z,167,2.4
2018-02-22T03:32:45Z,167,2.5
2018-02-22T03:32:47Z,167,2.6
2018-02-22T03:32:49Z,167,2.5
2018-02-22T03:32:51Z,167,2.4
2018-02-22T03:32:53Z,167,2.2
2018-02-22T03:32:55Z,167,2
2018-02-22T03:32:57Z,166,1.8
2018-02-22T03:32:59Z,166,1.8
2018-02-22T03:33:01Z,165,2.1
2018-02-22T03:33:03Z,165,2.3
2018-02-22T03:33:05Z,165,2.4
2018-02-22T03:33:07Z,165,2.3
2018-02-22T03:33:09Z,164,2.2
2018-02-22T03:33:11Z,164,2.2
2018-02-22T03:33:13Z,163,2.1
2018-02-22T03:33:15Z,163,2.1
2018-02-22T03:33:17Z,163,2.1
2018-02-22T03:33:19Z,162,2.1
2018-02-22T03:33:21Z,162,2.1
2018-02-22T03:33:23Z,161,2.2
2018-02-22T03:33:25Z,161,2.3
2018-02-22T03:33:27Z,162,2.4
2018-02-22T03:33:29Z,161,2.4
2018-02-22T03:33:31Z,161,2.4
2018-02-22T03:33:33Z,161,2.4
2018-02-22T03:33:35Z,161,2.4
2018-02-22T03:33:37Z,161,2.3
2018-02-22T03:33:39Z,160,2.3
2018-02-22T03:33:41Z,160,2.4
2018-02-22T03:33:43Z,160,2.4
2018-02-22T03:33:45Z,160,2.4
2018-02-22T03:33:47Z,160,2.3
2018-02-22T03:33:49Z,160,2.2
2018-02-22T03:33:51Z,160,2.2
2018-02-22T03:33:53Z,160,2.2
2018-02-22T03:33:55Z,160,2.1
2018-02-22T03:33:57Z,160,2.1
2018-02-22T03:33:59Z,160,2.2
2018-02-22T03:34:01Z,159,2.3
2018-02-22T03:34:03Z,159,2.4
2018-02-22T03:34:05Z,159,2.3
2018-02-22T03:34:07Z,159,2.2
2018-02-22T03:34:09Z,159,2.1
2018-02-22T03:34:11Z,159,2.1
2018-02-22T03:34:13Z,159,2.1
2018-02-22T03:34:15Z,159,2.1
2018-02-22T03:34:17Z,159,2.2
2018-02-22T03:34:19Z,158,2.2
2018-02-22T03:34:21Z,158,2.3
2018-02-22T03:34:23Z,157,2.4
2018-02-22T03:34:25Z,157,2.5
2018-02-22T03:34:27Z,157,2.5
2018-02-22T03:34:29Z,157,2.3
2018-02-22T03:34:31Z,157,2.3
2018-02-22T03:34:33Z,157,2.3
2018-02-22T03:34:35Z,157,2.4
2018-02-22T03:34:37Z,157,2.5
2018-02-22T03:34:39Z,156,2.5
2018-02-22T03:34:41Z,156,2.4
2018-02-22T03:34:43Z,156,2.4
2018-02-22T03:34:45Z,155,2.4
2018-02-22T03:34:47Z,155,2.5
2018-02-22T03:34:48Z,155,2.8
2018-02-22T03:34:50Z,155,3
2018-02-22T03:34:52Z,155,2.8
2018-02-22T03:34:54Z,155,2.7
2018-02-22T03:34:56Z,156,2.7
2018-02-22T03:34:58Z,156,2.7
2018-02-22T03:35:00Z,156,2.6
2018-02-22T03:35:02Z,156,2.6
2018-02-22T03:35:04Z,156,2.6
2018-02-22T03:35:06Z,157,2.6
2018-02-22T03:35:08Z,157,2.5
2018-02-22T03:35:10Z,158,2.5
2018-02-22T03:35:12Z,158,2.6
2018-02-22T03:35:14Z,159,2.6
2018-02-22T03:35:16Z,159,2.7
2018-02-22T03:35:18Z,159,2.7
2018-02-22T03:35:20Z,159,2.8
2018-02-22T03:35:22Z,158,2.8
2018-02-22T03:35:24Z,158,2.8
2018-02-22T03:35:26Z,157,2.7
2018-02-22T03:35:28Z,157,2.5
2018-02-22T03:35:30Z,157,2.4
2018-02-22T03:35:32Z,157,2.3
2018-02-22T03:35:34Z,157,2.3
2018-02-22T03:35:36Z,157,2.4
2018-02-22T03:35:38Z,157,2.5
2018-02-22T03:35:40Z,157,2.4
2018-02-22T03:35:42Z,157,2.4
2018-02-22T03:35:44Z,157,2.4
2018-02-22T03:35:46Z,157,2.4
2018-02-22T03:35:48Z,156,2.1
2018-02-22T03:35:50Z,155,2
2018-02-22T03:35:52Z,155,1.9
2018-02-22T03:35:54Z,154,2.1
2018-02-22T03:35:56Z,153,2.1
2018-02-22T03:35:58Z,153,2.1
2018-02-22T03:36:00Z,151,2
2018-02-22T03:36:02Z,150,1.9
2018-02-22T03:36:04Z,151,1.9
2018-02-22T03:36:06Z,152,2.1
2018-02-22T03:36:08Z,152,2.3
2018-02-22T03:36:10Z,153,2.3
2018-02-22T03:36:12Z,153,2.2
2018-02-22T03:36:14Z,153,2.4
2018-02-22T03:36:16Z,152,2.4
2018-02-22T03:36:18Z,152,2.4
2018-02-22T03:36:20Z,152,2.4
2018-02-22T03:36:22Z,152,2.4
2018-02-22T03:36:24Z,152,2.4
2018-02-22T03:36:26Z,152,2.3
2018-02-22T03:36:28Z,152,2.4
2018-02-22T03:36:30Z,152,2.5
2018-02-22T03:36:32Z,152,2.4
2018-02-22T03:36:34Z,152,2.2
2018-02-22T03:36:36Z,152,2.2
2018-02-22T03:36:38Z,152,2.4
2018-02-22T03:36:40Z,152,2.6
2018-02-22T03:36:42Z,152,2.6
2018-02-22T03:36:44Z,152,2.3
2018-02-22T03:36:46Z,152,2.2
2018-02-22T03:36:48Z,152,2.1
2018-02-22T03:36:50Z,152,2.1
2018-02-22T03:36:52Z,152,2.2
2018-02-22T03:36:54Z,152,2.4
2018-02-22T03:36:56Z,153,2.5
2018-02-22T03:36:58Z,153,2.5
2018-02-22T03:37:00Z,154,2.4
2018-02-22T03:37:02Z,155,2.2
2018-02-22T03:37:04Z,155,2.1
2018-02-22T03:37:06Z,155,2
2018-02-22T03:37:08Z,155,2.1
2018-02-22T03:37:10Z,155,2.3
2018-02-22T03:37:12Z,154,2.2
2018-02-22T03:37:14Z,153,2.2
2018-02-22T03:37:16Z,153,2.2
2018-02-22T03:37:18Z,153,2.4
2018-02-22T03:37:20Z,153,2.4
2018-02-22T03:37:22Z,152,2.4
2018-02-22T03:37:24Z,153,2.3
2018-02-22T03:37:26Z,153,2.4
2018-02-22T03:37:28Z,153,2.6
2018-02-22T03:37:30Z,155,2.6
2018-02-22T03:37:32Z,155,2.6
2018-02-22T03:37:34Z,155,2.5
2018-02-22T03:37:36Z,155,2.4
2018-02-22T03:37:38Z,155,2.3
2018-02-22T03:37:40Z,155,2.2
2018-02-22T03:37:42Z,155,2.1
2018-02-22T03:37:44Z,155,2.1
2018-02-22T03:37:46Z,154,2
2018-02-22T03:37:48Z,154,2.1
2018-02-22T03:37:50Z,154,2.2
2018-02-22T03:37:52Z,154,2.3
2018-02-22T03:37:54Z,154,2.4
2018-02-22T03:37:56Z,154,2.6
2018-02-22T03:37:57Z,154,2.9
2018-02-22T03:37:58Z,154,2.9
2018-02-22T03:38:00Z,154,2.9
2018-02-22T03:38:02Z,154,2.7
2018-02-22T03:38:04Z,155,2.5
2018-02-22T03:38:06Z,155,2.5
2018-02-22T03:38:08Z,157,2.4
2018-02-22T03:38:10Z,157,2.2
2018-02-22T03:38:12Z,157,2.1
2018-02-22T03:38:14Z,158,2
2018-02-22T03:38:16Z,158,2
2018-02-22T03:38:18Z,159,2
2018-02-22T03:38:20Z,159,2.1
2018-02-22T03:38:22Z,159,2.2
2018-02-22T03:38:24Z,159,2.3
2018-02-22T03:38:26Z,159,2.4
2018-02-22T03:38:28Z,159,2.4
2018-02-22T03:38:30Z,159,2.5
2018-02-22T03:38:32Z,158,2.6
2018-02-22T03:38:33Z,158,2.7
2018-02-22T03:38:34Z,158,2.8
2018-02-22T03:38:36Z,157,2.8
2018-02-22T03:38:38Z,157,2.6
2018-02-22T03:38:40Z,157,2.5
2018-02-22T03:38:42Z,158,2.4
2018-02-22T03:38:44Z,158,2.5
2018-02-22T03:38:46Z,158,2.5
2018-02-22T03:38:47Z,158,2.6
2018-02-22T03:38:48Z,158,2.6
2018-02-22T03:38:50Z,158,2.6
2018-02-22T03:38:52Z,159,2.5
2018-02-22T03:38:54Z,159,2.5
2018-02-22T03:38:56Z,158,2.4
2018-02-22T03:38:58Z,158,2.6
2018-02-22T03:38:59Z,158,2.7
2018-02-22T03:39:00Z,158,2.8
2018-02-22T03:39:02Z,157,2.8
2018-02-22T03:39:04Z,156,2.6
2018-02-22T03:39:06Z,156,2.4
2018-02-22T03:39:08Z,156,2.5
2018-02-22T03:39:10Z,156,2.6
2018-02-22T03:39:12Z,156,2.6
2018-02-22T03:39:14Z,156,2.6
2018-02-22T03:39:16Z,156,2.6
2018-02-22T03:39:18Z,157,2.5
2018-02-22T03:39:20Z,157,2.4
2018-02-22T03:39:22Z,158,2.3
2018-02-22T03:39:24Z,158,2.3
2018-02-22T03:39:26Z,158,2.4
2018-02-22T03:39:28Z,157,2.3
2018-02-22T03:39:30Z,157,2.3
2018-02-22T03:39:32Z,157,2.2
2018-02-22T03:39:34Z,157,2.3
2018-02-22T03:39:36Z,156,2.5
2018-02-22T03:39:38Z,156,2.5
2018-02-22T03:39:40Z,156,2.5
2018-02-22T03:39:42Z,156,2.5
2018-02-22T03:39:44Z,156,2.5
2018-02-22T03:39:45Z,156,2.6
2018-02-22T03:39:47Z,156,2.8
2018-02-22T03:39:48Z,155,2.8
2018-02-22T03:39:50Z,155,2.9
2018-02-22T03:39:52Z,154,2.7
2018-02-22T03:39:54Z,154,2.6
2018-02-22T03:39:56Z,154,2.4
2018-02-22T03:39:58Z,154,2.3
2018-02-22T03:40:00Z,154,2.1
2018-02-22T03:40:02Z,154,2
2018-02-22T03:40:04Z,154,2.1
2018-02-22T03:40:06Z,155,2.1
2018-02-22T03:40:08Z,155,2.2
2018-02-22T03:40:10Z,154,2.4
2018-02-22T03:40:12Z,154,2.4
2018-02-22T03:40:14Z,154,2.4
2018-02-22T03:40:16Z,153,2.4
2018-02-22T03:40:18Z,153,2.3
2018-02-22T03:40:20Z,153,2.3
2018-02-22T03:40:22Z,153,2.1
2018-02-22T03:40:24Z,153,2.2
2018-02-22T03:40:26Z,154,2.3
2018-02-22T03:40:28Z,154,2.5
2018-02-22T03:40:30Z,154,2.5
2018-02-22T03:40:32Z,155,2.6
2018-02-22T03:40:34Z,155,2.6
2018-02-22T03:40:35Z,155,2.7
2018-02-22T03:40:37Z,155,2.6
2018-02-22T03:40:39Z,155,2.5
2018-02-22T03:40:41Z,155,2.5
2018-02-22T03:40:43Z,155,2.6
2018-02-22T03:40:45Z,154,2.6
2018-02-22T03:40:47Z,154,2.3
2018-02-22T03:40:49Z,154,2.2
2018-02-22T03:40:51Z,154,2.3
2018-02-22T03:40:53Z,153,2.5
2018-02-22T03:40:55Z,153,2.7
2018-02-22T03:40:57Z,153,2.6
2018-02-22T03:40:59Z,153,2.7
2018-02-22T03:41:01Z,153,2.5
2018-02-22T03:41:03Z,153,2.5
2018-02-22T03:41:05Z,153,2.4
2018-02-22T03:41:07Z,153,2.4
2018-02-22T03:41:09Z,153,2.4
2018-02-22T03:41:11Z,153,2.4
2018-02-22T03:41:13Z,153,2.4
2018-02-22T03:41:15Z,153,2.2
2018-02-22T03:41:17Z,152,2.1
2018-02-22T03:41:19Z,152,2.2
2018-02-22T03:41:21Z,152,2.3
2018-02-22T03:41:23Z,153,2.3
2018-02-22T03:41:25Z,153,2.3
2018-02-22T03:41:27Z,153,2.5
2018-02-22T03:41:29Z,153,2.5
2018-02-22T03:41:31Z,153,2.5
2018-02-22T03:41:33Z,153,2.6
2018-02-22T03:41:35Z,152,2.5
2018-02-22T03:41:37Z,151,2.6
2018-02-22T03:41:39Z,151,2.4
2018-02-22T03:41:41Z,150,2.6
2018-02-22T03:41:43Z,149,2.6
2018-02-22T03:41:45Z,147,2.3
2018-02-22T03:41:47Z,148,2
2018-02-22T03:41:50Z,149,1.6
2018-02-22T03:41:52Z,150,1.9
2018-02-22T03:41:54Z,151,2.1
2018-02-22T03:41:56Z,151,2.5
2018-02-22T03:41:58Z,151,2.5
2018-02-22T03:42:00Z,152,2.3
2018-02-22T03:42:02Z,152,2.4
2018-02-22T03:42:04Z,152,2.5
2018-02-22T03:42:06Z,152,2.6
2018-02-22T03:42:08Z,152,2.7
2018-02-22T03:42:10Z,152,2.6
2018-02-22T03:42:12Z,151,2.5
2018-02-22T03:42:14Z,151,2.4
2018-02-22T03:42:16Z,151,2.3
2018-02-22T03:42:18Z,151,2.4
2018-02-22T03:42:20Z,151,2.3
2018-02-22T03:42:22Z,151,2.2
2018-02-22T03:42:24Z,151,2.2
2018-02-22T03:42:26Z,152,2.4
2018-02-22T03:42:28Z,152,2.6
2018-02-22T03:42:30Z,153,2.7
2018-02-22T03:42:32Z,153,2.6
2018-02-22T03:42:34Z,152,2.3
2018-02-22T03:42:36Z,152,2.1
2018-02-22T03:42:38Z,152,2.2
2018-02-22T03:42:40Z,152,2.3
2018-02-22T03:42:42Z,153,2.3
2018-02-22T03:42:44Z,153,2.3
2018-02-22T03:42:46Z,153,2.3
2018-02-22T03:42:48Z,153,2.3
2018-02-22T03:42:50Z,153,2.3
2018-02-22T03:42:52Z,153,2.3
2018-02-22T03:42:54Z,153,2.2
2018-02-22T03:42:56Z,153,2.4
2018-02-22T03:42:57Z,153,2.5
2018-02-22T03:42:59Z,153,2.7
2018-02-22T03:43:01Z,153,2.6
2018-02-22T03:43:03Z,153,2.5
2018-02-22T03:43:05Z,154,2.6
2018-02-22T03:43:07Z,154,2.7
2018-02-22T03:43:09Z,154,2.7
2018-02-22T03:43:11Z,154,2.5
2018-02-22T03:43:13Z,154,2.5
2018-02-22T03:43:15Z,154,2.6
2018-02-22T03:43:16Z,154,2.7
2018-02-22T03:43:17Z,154,2.8
2018-02-22T03:43:19Z,154,2.8
2018-02-22T03:43:21Z,154,2.7
2018-02-22T03:43:23Z,154,2.5
2018-02-22T03:43:25Z,155,2.3
2018-02-22T03:43:27Z,156,2.2
2018-02-22T03:43:29Z,155,2.1
2018-02-22T03:43:31Z,155,2.3
2018-02-22T03:43:33Z,155,2.4
2018-02-22T03:43:35Z,155,2.4
2018-02-22T03:43:37Z,155,2.3
2018-02-22T03:43:39Z,155,2.2
2018-02-22T03:43:41Z,155,2.5
2018-02-22T03:43:43Z,156,2.7
2018-02-22T03:43:45Z,156,2.8
2018-02-22T03:43:46Z,156,2.9
2018-02-22T03:43:48Z,156,2.9
2018-02-22T03:43:50Z,156,2.7
2018-02-22T03:43:52Z,156,2.5
2018-02-22T03:43:54Z,156,2.5
2018-02-22T03:43:56Z,156,2.4
2018-02-22T03:43:58Z,156,2.4
2018-02-22T03:44:00Z,155,2.3
2018-02-22T03:44:02Z,155,2.2
2018-02-22T03:44:04Z,155,2.1
2018-02-22T03:44:06Z,154,2
2018-02-22T03:44:08Z,154,2
2018-02-22T03:44:10Z,155,2.1
2018-02-22T03:44:12Z,155,1.9
2018-02-22T03:44:14Z,155,1.8
2018-02-22T03:44:16Z,156,1.8
2018-02-22T03:44:18Z,156,2
2018-02-22T03:44:20Z,156,2.2
2018-02-22T03:44:22Z,156,2.4
2018-02-22T03:44:24Z,156,2.5
2018-02-22T03:44:26Z,156,2.6
2018-02-22T03:44:28Z,156,2.7
2018-02-22T03:44:30Z,156,2.5
2018-02-22T03:44:32Z,156,2.2
2018-02-22T03:44:34Z,156,1.9
2018-02-22T03:44:36Z,156,1.8
2018-02-22T03:44:38Z,156,1.9
2018-02-22T03:44:40Z,156,2.1
2018-02-22T03:44:42Z,156,2.2
2018-02-22T03:44:44Z,156,2.3
2018-02-22T03:44:46Z,155,2.3
2018-02-22T03:44:48Z,155,2.4
2018-02-22T03:44:50Z,155,2.5
2018-02-22T03:44:52Z,155,2.4
2018-02-22T03:44:54Z,154,2.4
2018-02-22T03:44:56Z,153,2.3
2018-02-22T03:44:58Z,153,2.3
2018-02-22T03:45:00Z,153,2.1
2018-02-22T03:45:02Z,152,2.3
2018-02-22T03:45:04Z,152,2.5
2018-02-22T03:45:06Z,152,2.5
2018-02-22T03:45:08Z,152,2.3
2018-02-22T03:45:10Z,152,2.1
2018-02-22T03:45:12Z,152,2.1
2018-02-22T03:45:14Z,153,2.1
2018-02-22T03:45:16Z,153,2.1
2018-02-22T03:45:18Z,153,2.3
2018-02-22T03:45:20Z,153,2.5
2018-02-22T03:45:22Z,153,2.7
2018-02-22T03:45:24Z,152,2.6
2018-02-22T03:45:26Z,152,2.5
2018-02-22T03:45:28Z,153,2.5
2018-02-22T03:45:30Z,153,2.4
2018-02-22T03:45:32Z,153,2.3
2018-02-22T03:45:34Z,152,2.3
2018-02-22T03:45:36Z,152,2
2018-02-22T03:45:38Z,151,2
2018-02-22T03:45:40Z,151,2
2018-02-22T03:45:42Z,151,2.2
2018-02-22T03:45:44Z,151,2.1
2018-02-22T03:45:46Z,151,2.1
2018-02-22T03:45:48Z,150,2.1
2018-02-22T03:45:50Z,150,2.2
2018-02-22T03:45:52Z,151,2.3
2018-02-22T03:45:54Z,151,2.2
2018-02-22T03:45:57Z,150,1.7
2018-02-22T03:46:00Z,150,1.4
2018-02-22T03:46:02Z,150,1.6
2018-02-22T03:46:06Z,150,1.1
